{"ts": 1772380543.983435, "mode": "LIVE", "balance": 198.73, "btc": 67105.68, "eth": 2005.43, "btc_mom": -0.024939506054765664, "eth_mom": -0.03240149944169044, "open_positions": [], "daily_trades": 0, "daily_pnl": 0.0, "trades": []}