{"ts": 1772342746.649848, "mode": "LIVE", "balance": 199.95, "btc": 67508.95, "eth": 2021.9, "btc_mom": -0.00703560906897415, "eth_mom": -0.04004528577996576, "open_positions": [], "daily_trades": 0, "daily_pnl": 0.0, "trades": []}