{"ts": 1772381038.2098367, "mode": "LIVE", "balance": 198.43, "btc": 66958.68, "eth": 1998.63, "btc_mom": -0.034845171883456275, "eth_mom": -0.04001140324992396, "open_positions": [], "daily_trades": 0, "daily_pnl": 0.0, "trades": []}