{"ts": 1772363263.053628, "mode": "LIVE", "balance": 198.91, "btc": 66487.25, "eth": 1985.58, "btc_mom": -0.012812845087746294, "eth_mom": -0.029202078382414034, "open_positions": [], "daily_trades": 0, "daily_pnl": 0.0, "trades": []}