{"ts": 1772372323.0102837, "mode": "LIVE", "balance": 198.91, "btc": 66308.33, "eth": 1976.29, "btc_mom": 0.010784121790907389, "eth_mom": 0.004554194919538414, "open_positions": [], "daily_trades": 0, "daily_pnl": 0.0, "trades": []}