{"ts": 1772350453.4707332, "mode": "LIVE", "balance": 198.91, "btc": 67015.47, "eth": 2001.14, "btc_mom": 0.08482844716002112, "eth_mom": 0.057000000000005005, "open_positions": [], "daily_trades": 0, "daily_pnl": 0.0, "trades": []}