{"ts": 1772369323.041462, "mode": "LIVE", "balance": 198.91, "btc": 66365.13, "eth": 1978.1, "btc_mom": -0.00283273270860041, "eth_mom": 0.0010110814527209116, "open_positions": [], "daily_trades": 0, "daily_pnl": 0.0, "trades": []}