{"ts": 1772365542.8727946, "mode": "LIVE", "balance": 198.91, "btc": 66397.99, "eth": 1983.61, "btc_mom": -0.010390801038890628, "eth_mom": -0.004536976357319429, "open_positions": [], "daily_trades": 0, "daily_pnl": 0.0, "trades": []}