{"ts": 1772368002.8815594, "mode": "LIVE", "balance": 198.91, "btc": 66464.01, "eth": 1982.99, "btc_mom": 0.007764202961665662, "eth_mom": 0.004538806798119832, "open_positions": [], "daily_trades": 0, "daily_pnl": 0.0, "trades": []}