{"ts": 1772380573.9852912, "mode": "LIVE", "balance": 198.73, "btc": 67163.15, "eth": 2007.18, "btc_mom": 0.04498536113785718, "eth_mom": 0.05034468664170987, "open_positions": [], "daily_trades": 0, "daily_pnl": 0.0, "trades": []}