{"ts": 1772360083.2167783, "mode": "LIVE", "balance": 198.91, "btc": 66515.65, "eth": 1983.15, "btc_mom": -0.024108811906037784, "eth_mom": -0.028733893896312798, "open_positions": [], "daily_trades": 0, "daily_pnl": 0.0, "trades": []}