{"ts": 1772355522.9154923, "mode": "LIVE", "balance": 198.91, "btc": 66538.36, "eth": 1985.58, "btc_mom": 0.05979073243646447, "eth_mom": 0.14475137564242327, "open_positions": [], "daily_trades": 0, "daily_pnl": 0.0, "trades": []}