{"ts": 1772342776.8032691, "mode": "LIVE", "balance": 199.95, "btc": 67512.02, "eth": 2021.9, "btc_mom": 0.0035106092240292986, "eth_mom": 0.0, "open_positions": [], "daily_trades": 0, "daily_pnl": 0.0, "trades": []}