{"ts": 1772367822.7810817, "mode": "LIVE", "balance": 198.91, "btc": 66438.0, "eth": 1982.61, "btc_mom": 0.0, "eth_mom": -0.0045392646391358, "open_positions": [], "daily_trades": 0, "daily_pnl": 0.0, "trades": []}