{"ts": 1772381973.4743462, "mode": "LIVE", "balance": 198.43, "btc": 66975.72, "eth": 2002.4, "btc_mom": 0.026464350787062284, "eth_mom": 0.12550690287965793, "open_positions": [], "daily_trades": 0, "daily_pnl": 0.0, "trades": []}