{"ts": 1772365242.809062, "mode": "LIVE", "balance": 198.91, "btc": 66533.64, "eth": 1987.6, "btc_mom": 0.009950844032988916, "eth_mom": 0.006540979234900741, "open_positions": [], "daily_trades": 0, "daily_pnl": 0.0, "trades": []}