{"ts": 1772369233.035033, "mode": "LIVE", "balance": 198.91, "btc": 66382.17, "eth": 1977.93, "btc_mom": -0.017817875109199244, "eth_mom": -0.027293817950232432, "open_positions": [], "daily_trades": 0, "daily_pnl": 0.0, "trades": []}