{"ts": 1772361492.796868, "mode": "LIVE", "balance": 198.91, "btc": 66671.85, "eth": 1990.82, "btc_mom": -0.008518611892181692, "eth_mom": -0.0441833609479394, "open_positions": [], "daily_trades": 0, "daily_pnl": 0.0, "trades": []}