{"ts": 1772351472.8269672, "mode": "LIVE", "balance": 198.91, "btc": 67151.8, "eth": 2006.19, "btc_mom": 0.03600603805020117, "eth_mom": 0.009471585244269918, "open_positions": [], "daily_trades": 0, "daily_pnl": 0.0, "trades": []}