{"ts": 1772355973.0573158, "mode": "LIVE", "balance": 198.91, "btc": 66595.17, "eth": 1988.29, "btc_mom": 0.03489458171114726, "eth_mom": 0.05031978221598257, "open_positions": [], "daily_trades": 0, "daily_pnl": 0.0, "trades": []}