{"ts": 1772362843.044422, "mode": "LIVE", "balance": 198.91, "btc": 66495.0, "eth": 1986.15, "btc_mom": 0.010738802542297823, "eth_mom": 0.02316575094803501, "open_positions": [], "daily_trades": 0, "daily_pnl": 0.0, "trades": []}