{"ts": 1772342716.619924, "mode": "LIVE", "balance": 199.95, "btc": 67515.04, "eth": 2022.39, "btc_mom": 0.02798678146827548, "eth_mom": 0.03462449732649642, "open_positions": [], "daily_trades": 0, "daily_pnl": 0.0, "trades": []}