{"ts": 1772349522.9492888, "mode": "LIVE", "balance": 198.91, "btc": 66998.45, "eth": 2003.25, "btc_mom": 0.008478526861918106, "eth_mom": 0.0074883929908687, "open_positions": [], "daily_trades": 0, "daily_pnl": 0.0, "trades": []}