{"ts": 1772347773.3420067, "mode": "LIVE", "balance": 199.95, "btc": 66834.01, "eth": 1994.5, "btc_mom": 0.008873515444395552, "eth_mom": 0.05016302984700275, "open_positions": [], "daily_trades": 0, "daily_pnl": 0.0, "trades": []}