{"ts": 1772360173.136515, "mode": "LIVE", "balance": 198.91, "btc": 66502.87, "eth": 1982.3, "btc_mom": 0.002135291786868187, "eth_mom": -0.0010089188425673862, "open_positions": [], "daily_trades": 0, "daily_pnl": 0.0, "trades": []}