{"ts": 1772367642.7656052, "mode": "LIVE", "balance": 198.91, "btc": 66528.88, "eth": 1985.25, "btc_mom": -0.004539175944155395, "eth_mom": -0.025682861977277767, "open_positions": [], "daily_trades": 0, "daily_pnl": 0.0, "trades": []}