{"ts": 1772368632.9280612, "mode": "LIVE", "balance": 198.91, "btc": 66295.99, "eth": 1978.84, "btc_mom": 0.0028056782704601177, "eth_mom": -0.0020213454075128858, "open_positions": [], "daily_trades": 0, "daily_pnl": 0.0, "trades": []}