{"ts": 1772356993.3705761, "mode": "LIVE", "balance": 198.91, "btc": 66734.32, "eth": 1993.6, "btc_mom": 0.012289040633580437, "eth_mom": 0.008528014527715816, "open_positions": [], "daily_trades": 0, "daily_pnl": 0.0, "trades": []}