{"ts": 1772363203.0469716, "mode": "LIVE", "balance": 198.91, "btc": 66504.29, "eth": 1986.3, "btc_mom": -0.04466888437958447, "eth_mom": -0.048810679978061725, "open_positions": [], "daily_trades": 0, "daily_pnl": 0.0, "trades": []}