{"ts": 1772381533.3340485, "mode": "LIVE", "balance": 198.43, "btc": 66962.0, "eth": 2000.96, "btc_mom": 0.004943346412538345, "eth_mom": -0.03147497739296668, "open_positions": [], "daily_trades": 0, "daily_pnl": 0.0, "trades": []}