{"ts": 1772350003.338363, "mode": "LIVE", "balance": 198.91, "btc": 66995.61, "eth": 1998.79, "btc_mom": -0.01076074111508501, "eth_mom": 0.008005483756365834, "open_positions": [], "daily_trades": 0, "daily_pnl": 0.0, "trades": []}