{"ts": 1772344432.635162, "mode": "LIVE", "balance": 199.95, "btc": 67348.51, "eth": 2011.84, "btc_mom": -0.039317254174404806, "eth_mom": -0.047694753577108326, "open_positions": [], "daily_trades": 0, "daily_pnl": 0.0, "trades": []}