{"ts": 1772366773.1506398, "mode": "LIVE", "balance": 198.91, "btc": 66496.0, "eth": 1985.04, "btc_mom": 0.07562560434640289, "eth_mom": 0.163487738419619, "open_positions": [], "daily_trades": 0, "daily_pnl": 0.0, "trades": []}