{"ts": 1772371183.4879436, "mode": "LIVE", "balance": 198.91, "btc": 66365.68, "eth": 1978.84, "btc_mom": -0.03762577446889438, "eth_mom": -0.043440925392742705, "open_positions": [], "daily_trades": 0, "daily_pnl": 0.0, "trades": []}