{"ts": 1772354952.787013, "mode": "LIVE", "balance": 198.91, "btc": 67042.21, "eth": 1998.94, "btc_mom": 0.009084654660817272, "eth_mom": 0.034029605757011784, "open_positions": [], "daily_trades": 0, "daily_pnl": 0.0, "trades": []}