{"ts": 1772380724.0000103, "mode": "LIVE", "balance": 198.73, "btc": 66906.53, "eth": 1998.05, "btc_mom": -0.023116463943099675, "eth_mom": -0.04252338786333165, "open_positions": [], "daily_trades": 0, "daily_pnl": 0.0, "trades": []}