{"ts": 1772344191.7772968, "mode": "LIVE", "balance": 199.95, "btc": 67433.33, "eth": 2014.37, "btc_mom": 0.00897262947578919, "eth_mom": -0.01687587791792097, "open_positions": [], "daily_trades": 0, "daily_pnl": 0.0, "trades": []}