{"ts": 1772377783.5014155, "mode": "LIVE", "balance": 198.91, "btc": 66978.54, "eth": 2004.84, "btc_mom": -0.009046855545919844, "eth_mom": 0.0004987954090866011, "open_positions": [], "daily_trades": 0, "daily_pnl": 0.0, "trades": []}