{"ts": 1772351172.726371, "mode": "LIVE", "balance": 198.91, "btc": 67142.78, "eth": 2006.47, "btc_mom": 0.003485231851320169, "eth_mom": 0.002492000677821918, "open_positions": [], "daily_trades": 0, "daily_pnl": 0.0, "trades": []}