{"ts": 1772346835.6543763, "mode": "LIVE", "balance": 199.95, "btc": 66904.0, "eth": 1995.9, "btc_mom": -0.20441210339218127, "eth_mom": -0.14009105918847023, "open_positions": [], "daily_trades": 0, "daily_pnl": 0.0, "trades": []}