{"ts": 1772352043.0592723, "mode": "LIVE", "balance": 198.91, "btc": 67148.97, "eth": 2007.1, "btc_mom": -0.03123420517656471, "eth_mom": -0.03287245487508875, "open_positions": [], "daily_trades": 0, "daily_pnl": 0.0, "trades": []}