{"ts": 1772341600.0627542, "mode": "PAPER", "balance": 199.95, "btc": 67296.65, "eth": 2016.54, "btc_mom": 0.013107868094412367, "eth_mom": 0.09033513341804005, "open_positions": [], "daily_trades": 0, "daily_pnl": 0.0, "trades": []}