{"ts": 1772347543.341818, "mode": "LIVE", "balance": 199.95, "btc": 66893.37, "eth": 1993.77, "btc_mom": -0.015963159180957757, "eth_mom": -0.03259092869105258, "open_positions": [], "daily_trades": 0, "daily_pnl": 0.0, "trades": []}