{"ts": 1772342355.2879791, "mode": "LIVE", "balance": 199.95, "btc": 67407.4, "eth": 2016.0, "btc_mom": -0.023241303013957694, "eth_mom": -0.020333166369938746, "open_positions": [], "daily_trades": 0, "daily_pnl": 0.0, "trades": []}