{"ts": 1772377633.4870641, "mode": "LIVE", "balance": 198.91, "btc": 66901.89, "eth": 2002.63, "btc_mom": -0.06027584377219199, "eth_mom": -0.0997690346847049, "open_positions": [], "daily_trades": 0, "daily_pnl": 0.0, "trades": []}