{"ts": 1772356453.1577842, "mode": "LIVE", "balance": 198.91, "btc": 66563.93, "eth": 1987.93, "btc_mom": -0.07246420325406469, "eth_mom": -0.049775757697645404, "open_positions": [], "daily_trades": 0, "daily_pnl": 0.0, "trades": []}