{"ts": 1772358222.801936, "mode": "LIVE", "balance": 198.91, "btc": 66316.33, "eth": 1980.36, "btc_mom": -0.00556393077083259, "eth_mom": -0.014136844656282822, "open_positions": [], "daily_trades": 0, "daily_pnl": 0.0, "trades": []}