{"ts": 1772364492.8799627, "mode": "LIVE", "balance": 198.91, "btc": 66566.09, "eth": 1987.84, "btc_mom": -0.0033649634894029013, "eth_mom": 0.0045277323607052266, "open_positions": [], "daily_trades": 0, "daily_pnl": 0.0, "trades": []}