{"ts": 1772354442.7827513, "mode": "LIVE", "balance": 198.91, "btc": 67248.36, "eth": 2005.42, "btc_mom": 0.03751684315847365, "eth_mom": 0.03890972942772631, "open_positions": [], "daily_trades": 0, "daily_pnl": 0.0, "trades": []}