{"ts": 1772381068.212218, "mode": "LIVE", "balance": 198.43, "btc": 66975.73, "eth": 2001.96, "btc_mom": -0.04756176911277212, "eth_mom": 0.022982762927805964, "open_positions": [], "daily_trades": 0, "daily_pnl": 0.0, "trades": []}