{"ts": 1772381593.3374887, "mode": "LIVE", "balance": 198.43, "btc": 66997.99, "eth": 2001.57, "btc_mom": 0.08962024560041416, "eth_mom": 0.0870073956286289, "open_positions": [], "daily_trades": 0, "daily_pnl": 0.0, "trades": []}