{"ts": 1772357383.57623, "mode": "LIVE", "balance": 198.91, "btc": 66643.43, "eth": 1990.71, "btc_mom": 0.011090094789545446, "eth_mom": 0.008540396073430967, "open_positions": [], "daily_trades": 0, "daily_pnl": 0.0, "trades": []}