{"ts": 1772363593.2787876, "mode": "LIVE", "balance": 198.91, "btc": 66492.93, "eth": 1984.6, "btc_mom": -0.01963732890828664, "eth_mom": -0.033245015766200994, "open_positions": [], "daily_trades": 0, "daily_pnl": 0.0, "trades": []}