{"ts": 1772351082.6732106, "mode": "LIVE", "balance": 198.91, "btc": 67116.57, "eth": 2005.75, "btc_mom": 0.0026819729844904635, "eth_mom": 0.008975004612158322, "open_positions": [], "daily_trades": 0, "daily_pnl": 0.0, "trades": []}