{"ts": 1772372983.0741625, "mode": "LIVE", "balance": 198.91, "btc": 66381.37, "eth": 1978.2, "btc_mom": -1.5064465380673353e-05, "eth_mom": 0.011628083337968633, "open_positions": [], "daily_trades": 0, "daily_pnl": 0.0, "trades": []}