{"ts": 1772372473.108153, "mode": "LIVE", "balance": 198.91, "btc": 66359.44, "eth": 1978.15, "btc_mom": 0.011906279793971221, "eth_mom": 0.002022132237347316, "open_positions": [], "daily_trades": 0, "daily_pnl": 0.0, "trades": []}