{"ts": 1772342505.718938, "mode": "LIVE", "balance": 199.95, "btc": 67571.94, "eth": 2021.87, "btc_mom": 0.07963782193741933, "eth_mom": 0.13123879517832943, "open_positions": [], "daily_trades": 0, "daily_pnl": 0.0, "trades": []}