{"ts": 1772380784.0048692, "mode": "LIVE", "balance": 198.73, "btc": 66850.01, "eth": 1994.41, "btc_mom": -0.03370590773046362, "eth_mom": -0.008523097594473292, "open_positions": [], "daily_trades": 0, "daily_pnl": 0.0, "trades": []}