{"ts": 1772376853.2537062, "mode": "LIVE", "balance": 198.91, "btc": 66816.69, "eth": 1998.37, "btc_mom": -0.010864368239223753, "eth_mom": -0.022513282836876033, "open_positions": [], "daily_trades": 0, "daily_pnl": 0.0, "trades": []}