{"ts": 1772380633.9921234, "mode": "LIVE", "balance": 198.73, "btc": 66995.34, "eth": 2002.2, "btc_mom": 0.061684104499150336, "eth_mom": 0.052469829847835214, "open_positions": [], "daily_trades": 0, "daily_pnl": 0.0, "trades": []}