{"ts": 1772377963.5643246, "mode": "LIVE", "balance": 198.91, "btc": 67069.44, "eth": 2006.55, "btc_mom": 0.011079298100381375, "eth_mom": 0.035895365010994315, "open_positions": [], "daily_trades": 0, "daily_pnl": 0.0, "trades": []}