{"ts": 1772360053.2138855, "mode": "LIVE", "balance": 198.91, "btc": 66501.46, "eth": 1983.07, "btc_mom": 1.5037266118728579e-05, "eth_mom": -0.01260512675715467, "open_positions": [], "daily_trades": 0, "daily_pnl": 0.0, "trades": []}