{"ts": 1772341116.6106715, "mode": "PAPER", "balance": 199.95, "btc": 67305.15, "eth": 2014.45, "btc_mom": -0.008453318960218486, "eth_mom": -0.026799140442382526, "open_positions": [], "daily_trades": 0, "daily_pnl": 0.0, "trades": []}