{"ts": 1772348683.0599258, "mode": "LIVE", "balance": 198.91, "btc": 66824.45, "eth": 1994.81, "btc_mom": -0.07331755428310122, "eth_mom": -0.05160734327400858, "open_positions": [], "daily_trades": 0, "daily_pnl": 0.0, "trades": []}