{"ts": 1772374093.3795445, "mode": "LIVE", "balance": 198.91, "btc": 67126.24, "eth": 2018.94, "btc_mom": -0.1330196167112703, "eth_mom": -0.14343370395282828, "open_positions": [], "daily_trades": 0, "daily_pnl": 0.0, "trades": []}