{"ts": 1772359543.0557914, "mode": "LIVE", "balance": 198.91, "btc": 66351.99, "eth": 1978.9, "btc_mom": 0.024481520145630733, "eth_mom": 0.02931780500627576, "open_positions": [], "daily_trades": 0, "daily_pnl": 0.0, "trades": []}