{"ts": 1772361882.8386042, "mode": "LIVE", "balance": 198.91, "btc": 66398.3, "eth": 1981.17, "btc_mom": -0.0026054205095930308, "eth_mom": 0.0015142796571657085, "open_positions": [], "daily_trades": 0, "daily_pnl": 0.0, "trades": []}