{"ts": 1772374543.577438, "mode": "LIVE", "balance": 198.91, "btc": 66992.77, "eth": 2011.28, "btc_mom": -0.05785335412950891, "eth_mom": -0.10033278696667074, "open_positions": [], "daily_trades": 0, "daily_pnl": 0.0, "trades": []}