{"ts": 1772369443.128611, "mode": "LIVE", "balance": 198.91, "btc": 66337.45, "eth": 1978.02, "btc_mom": 0.026341986230998808, "eth_mom": 0.03843702901995645, "open_positions": [], "daily_trades": 0, "daily_pnl": 0.0, "trades": []}