{"ts": 1772377303.4207685, "mode": "LIVE", "balance": 198.91, "btc": 66895.25, "eth": 2002.33, "btc_mom": -0.05030710192245483, "eth_mom": -0.0828347446843588, "open_positions": [], "daily_trades": 0, "daily_pnl": 0.0, "trades": []}