{"ts": 1772379232.2182958, "mode": "LIVE", "balance": 198.91, "btc": 67170.0, "eth": 2012.26, "btc_mom": 0.04402711689109823, "eth_mom": 0.05718235203445316, "open_positions": [], "daily_trades": 0, "daily_pnl": 0.0, "trades": []}