{"ts": 1772366352.90862, "mode": "LIVE", "balance": 198.91, "btc": 66463.19, "eth": 1983.6, "btc_mom": -0.022278046872646097, "eth_mom": -0.03175035152175449, "open_positions": [], "daily_trades": 0, "daily_pnl": 0.0, "trades": []}