{"ts": 1772373973.3675637, "mode": "LIVE", "balance": 198.91, "btc": 67171.68, "eth": 2019.25, "btc_mom": 0.013072693406626033, "eth_mom": 0.06293422135006203, "open_positions": [], "daily_trades": 0, "daily_pnl": 0.0, "trades": []}