{"ts": 1772352283.0768905, "mode": "LIVE", "balance": 198.91, "btc": 66972.88, "eth": 2000.68, "btc_mom": 0.021222046375781366, "eth_mom": 0.008997750562362593, "open_positions": [], "daily_trades": 0, "daily_pnl": 0.0, "trades": []}