{"ts": 1772347928.5017595, "mode": "LIVE", "balance": 198.39, "btc": 66880.78, "eth": 1997.47, "btc_mom": 0.014714912038019065, "eth_mom": 0.03305271908694778, "open_positions": [], "daily_trades": 0, "daily_pnl": 0.0, "trades": []}