{"ts": 1772344583.302022, "mode": "LIVE", "balance": 199.95, "btc": 67312.03, "eth": 2010.07, "btc_mom": 0.0004456875495592082, "eth_mom": -0.004477255541854654, "open_positions": [], "daily_trades": 0, "daily_pnl": 0.0, "trades": []}