{"ts": 1772340549.6432707, "mode": "PAPER", "balance": 199.95, "btc": 67390.49, "eth": 2016.93, "btc_mom": -0.0224758640374814, "eth_mom": 0.05605714852664496, "open_positions": [], "daily_trades": 0, "daily_pnl": 0.0, "trades": []}