{"ts": 1772351802.7640338, "mode": "LIVE", "balance": 198.91, "btc": 67119.0, "eth": 2005.86, "btc_mom": -0.006555091071063414, "eth_mom": 0.005484232830607003, "open_positions": [], "daily_trades": 0, "daily_pnl": 0.0, "trades": []}