{"ts": 1772362783.044742, "mode": "LIVE", "balance": 198.91, "btc": 66473.69, "eth": 1984.8, "btc_mom": 0.0015194212118562291, "eth_mom": 0.025701888332854115, "open_positions": [], "daily_trades": 0, "daily_pnl": 0.0, "trades": []}