{"ts": 1772350543.5782144, "mode": "LIVE", "balance": 198.91, "btc": 67172.53, "eth": 2004.91, "btc_mom": 0.08167739930339166, "eth_mom": 0.0798678187599591, "open_positions": [], "daily_trades": 0, "daily_pnl": 0.0, "trades": []}