{"ts": 1772380333.9400973, "mode": "LIVE", "balance": 198.91, "btc": 67206.77, "eth": 2008.58, "btc_mom": -0.05694098570213723, "eth_mom": -0.11835143414091324, "open_positions": [], "daily_trades": 0, "daily_pnl": 0.0, "trades": []}