{"ts": 1772366053.0175273, "mode": "LIVE", "balance": 198.91, "btc": 66490.62, "eth": 1984.6, "btc_mom": 0.0009324710482709331, "eth_mom": 0.009574634274158425, "open_positions": [], "daily_trades": 0, "daily_pnl": 0.0, "trades": []}