{"ts": 1772349246.7151134, "mode": "LIVE", "balance": 198.91, "btc": 67023.99, "eth": 2003.81, "btc_mom": -4.476007258119678e-05, "eth_mom": 0.020465209144447164, "open_positions": [], "daily_trades": 0, "daily_pnl": 0.0, "trades": []}