{"ts": 1772362002.8167253, "mode": "LIVE", "balance": 198.91, "btc": 66433.36, "eth": 1981.11, "btc_mom": 0.0642861317281395, "eth_mom": 0.0626303747215731, "open_positions": [], "daily_trades": 0, "daily_pnl": 0.0, "trades": []}