{"ts": 1772372953.071809, "mode": "LIVE", "balance": 198.91, "btc": 66379.31, "eth": 1977.97, "btc_mom": 0.023145096095094676, "eth_mom": 0.04400384401396582, "open_positions": [], "daily_trades": 0, "daily_pnl": 0.0, "trades": []}