{"ts": 1772366953.1669242, "mode": "LIVE", "balance": 198.91, "btc": 66535.79, "eth": 1987.08, "btc_mom": 0.0046293018877289, "eth_mom": -0.00654183503505463, "open_positions": [], "daily_trades": 0, "daily_pnl": 0.0, "trades": []}