{"ts": 1772354982.7892952, "mode": "LIVE", "balance": 198.91, "btc": 66970.05, "eth": 1997.03, "btc_mom": -0.050847619519504825, "eth_mom": -0.04404602809936929, "open_positions": [], "daily_trades": 0, "daily_pnl": 0.0, "trades": []}