{"ts": 1772375592.987296, "mode": "LIVE", "balance": 198.91, "btc": 66956.69, "eth": 2009.62, "btc_mom": -0.043740489615818036, "eth_mom": -0.055203831444307655, "open_positions": [], "daily_trades": 0, "daily_pnl": 0.0, "trades": []}