{"ts": 1772353333.3038085, "mode": "LIVE", "balance": 198.91, "btc": 67156.99, "eth": 2004.88, "btc_mom": -0.004764727437485048, "eth_mom": 0.006484599077197113, "open_positions": [], "daily_trades": 0, "daily_pnl": 0.0, "trades": []}