{"ts": 1772361043.6110134, "mode": "LIVE", "balance": 198.91, "btc": 66600.51, "eth": 1986.2, "btc_mom": -0.028775280817917852, "eth_mom": 0.010574071369948307, "open_positions": [], "daily_trades": 0, "daily_pnl": 0.0, "trades": []}