{"ts": 1772344342.3013608, "mode": "LIVE", "balance": 199.95, "btc": 67388.01, "eth": 2013.1, "btc_mom": -0.029699725685506717, "eth_mom": -0.004967216371951938, "open_positions": [], "daily_trades": 0, "daily_pnl": 0.0, "trades": []}