{"ts": 1772356483.1603043, "mode": "LIVE", "balance": 198.91, "btc": 66597.99, "eth": 1988.7, "btc_mom": 0.03214343059626324, "eth_mom": 0.021626841424960578, "open_positions": [], "daily_trades": 0, "daily_pnl": 0.0, "trades": []}