{"ts": 1772350633.5847774, "mode": "LIVE", "balance": 198.91, "btc": 67184.06, "eth": 2005.38, "btc_mom": 0.001518240317800556, "eth_mom": -0.0478483208229816, "open_positions": [], "daily_trades": 0, "daily_pnl": 0.0, "trades": []}