{"ts": 1772344703.572313, "mode": "LIVE", "balance": 199.95, "btc": 67327.66, "eth": 2011.12, "btc_mom": 0.014275517487509786, "eth_mom": 0.000994480632488778, "open_positions": [], "daily_trades": 0, "daily_pnl": 0.0, "trades": []}