{"ts": 1772350932.6617882, "mode": "LIVE", "balance": 198.91, "btc": 67128.54, "eth": 2005.38, "btc_mom": -0.04685824198060894, "eth_mom": 0.01745609791375373, "open_positions": [], "daily_trades": 0, "daily_pnl": 0.0, "trades": []}