{"ts": 1772362452.956146, "mode": "LIVE", "balance": 198.91, "btc": 66498.6, "eth": 1984.2, "btc_mom": 0.033380262261458356, "eth_mom": 0.06455126782724328, "open_positions": [], "daily_trades": 0, "daily_pnl": 0.0, "trades": []}