{"ts": 1772358732.9392576, "mode": "LIVE", "balance": 198.91, "btc": 66353.77, "eth": 1980.22, "btc_mom": -0.024408629384640508, "eth_mom": -0.018176493754349734, "open_positions": [], "daily_trades": 0, "daily_pnl": 0.0, "trades": []}