{"ts": 1772367163.3281639, "mode": "LIVE", "balance": 198.91, "btc": 66505.97, "eth": 1985.93, "btc_mom": 0.00019547155558768468, "eth_mom": 0.0, "open_positions": [], "daily_trades": 0, "daily_pnl": 0.0, "trades": []}