{"ts": 1772374993.6352615, "mode": "LIVE", "balance": 198.91, "btc": 66772.98, "eth": 2005.39, "btc_mom": -0.03672292574977546, "eth_mom": -0.059802949282106374, "open_positions": [], "daily_trades": 0, "daily_pnl": 0.0, "trades": []}