{"ts": 1772374393.4803684, "mode": "LIVE", "balance": 198.91, "btc": 67147.02, "eth": 2018.94, "btc_mom": 0.0755182658967265, "eth_mom": 0.11256179741851577, "open_positions": [], "daily_trades": 0, "daily_pnl": 0.0, "trades": []}