{"ts": 1772376823.251043, "mode": "LIVE", "balance": 198.91, "btc": 66816.5, "eth": 1998.4, "btc_mom": -0.023686141123617485, "eth_mom": -0.04001600640255875, "open_positions": [], "daily_trades": 0, "daily_pnl": 0.0, "trades": []}