{"ts": 1772376523.1774862, "mode": "LIVE", "balance": 198.91, "btc": 66920.49, "eth": 2001.49, "btc_mom": -0.000866692657487016, "eth_mom": -0.008492950850797475, "open_positions": [], "daily_trades": 0, "daily_pnl": 0.0, "trades": []}