{"ts": 1772352702.9941933, "mode": "LIVE", "balance": 198.91, "btc": 67277.96, "eth": 2009.79, "btc_mom": 0.10110101159040392, "eth_mom": 0.0891434262948189, "open_positions": [], "daily_trades": 0, "daily_pnl": 0.0, "trades": []}