{"ts": 1772371333.5702612, "mode": "LIVE", "balance": 198.91, "btc": 66202.0, "eth": 1971.45, "btc_mom": 0.04390011326380781, "eth_mom": 0.07817616033219607, "open_positions": [], "daily_trades": 0, "daily_pnl": 0.0, "trades": []}