{"ts": 1772340815.5054576, "mode": "PAPER", "balance": 199.95, "btc": 67339.25, "eth": 2016.31, "btc_mom": -0.03369854940362785, "eth_mom": -0.04263398721972503, "open_positions": [], "daily_trades": 0, "daily_pnl": 0.0, "trades": []}