{"ts": 1772355192.8972826, "mode": "LIVE", "balance": 198.91, "btc": 66604.34, "eth": 1983.33, "btc_mom": 0.01578224288946102, "eth_mom": -0.0030251236519379847, "open_positions": [], "daily_trades": 0, "daily_pnl": 0.0, "trades": []}