{"ts": 1772369593.1413991, "mode": "LIVE", "balance": 198.91, "btc": 66304.76, "eth": 1976.77, "btc_mom": -0.0011009646411035909, "eth_mom": -0.006070140473173431, "open_positions": [], "daily_trades": 0, "daily_pnl": 0.0, "trades": []}