{"ts": 1772373733.3973124, "mode": "LIVE", "balance": 198.91, "btc": 66998.45, "eth": 2009.01, "btc_mom": -0.13002774958828164, "eth_mom": -0.14414163655432355, "open_positions": [], "daily_trades": 0, "daily_pnl": 0.0, "trades": []}