{"ts": 1772379643.743266, "mode": "LIVE", "balance": 198.91, "btc": 67157.1, "eth": 2012.94, "btc_mom": -0.014233252033073657, "eth_mom": -0.022350364310940524, "open_positions": [], "daily_trades": 0, "daily_pnl": 0.0, "trades": []}