{"ts": 1772381943.4712474, "mode": "LIVE", "balance": 198.43, "btc": 67002.0, "eth": 2001.07, "btc_mom": -0.008894465672446084, "eth_mom": -0.02697828248259969, "open_positions": [], "daily_trades": 0, "daily_pnl": 0.0, "trades": []}