{"ts": 1772370133.408512, "mode": "LIVE", "balance": 198.91, "btc": 66322.64, "eth": 1979.32, "btc_mom": -0.002472699289007612, "eth_mom": -0.007072635971431604, "open_positions": [], "daily_trades": 0, "daily_pnl": 0.0, "trades": []}