{"ts": 1772371663.660596, "mode": "LIVE", "balance": 198.91, "btc": 66356.61, "eth": 1978.19, "btc_mom": -0.05539708094435129, "eth_mom": -0.07274086571733376, "open_positions": [], "daily_trades": 0, "daily_pnl": 0.0, "trades": []}