{"ts": 1772346745.6479485, "mode": "LIVE", "balance": 199.95, "btc": 67080.78, "eth": 2001.88, "btc_mom": 0.0041444288738466195, "eth_mom": 0.022983681586075704, "open_positions": [], "daily_trades": 0, "daily_pnl": 0.0, "trades": []}