{"ts": 1772344974.6413581, "mode": "LIVE", "balance": 199.95, "btc": 67324.68, "eth": 2011.0, "btc_mom": 0.009923051784059264, "eth_mom": 0.04676477319085274, "open_positions": [], "daily_trades": 0, "daily_pnl": 0.0, "trades": []}