{"ts": 1772371243.562381, "mode": "LIVE", "balance": 198.91, "btc": 66257.19, "eth": 1973.44, "btc_mom": -0.11752441955734155, "eth_mom": -0.16138579299110378, "open_positions": [], "daily_trades": 0, "daily_pnl": 0.0, "trades": []}