{"ts": 1772346775.6500373, "mode": "LIVE", "balance": 199.95, "btc": 67055.25, "eth": 1999.16, "btc_mom": -0.022006855224853496, "eth_mom": -0.1184094167961455, "open_positions": [], "daily_trades": 0, "daily_pnl": 0.0, "trades": []}