{"ts": 1772373133.2008245, "mode": "LIVE", "balance": 198.91, "btc": 66883.4, "eth": 2000.7, "btc_mom": 0.015417262758454368, "eth_mom": 0.0915517267256077, "open_positions": [], "daily_trades": 0, "daily_pnl": 0.0, "trades": []}