{"ts": 1772344372.3308318, "mode": "LIVE", "balance": 199.95, "btc": 67362.02, "eth": 2012.4, "btc_mom": -0.04458981598280466, "eth_mom": -0.05165289256198166, "open_positions": [], "daily_trades": 0, "daily_pnl": 0.0, "trades": []}