{"ts": 1772355582.9194832, "mode": "LIVE", "balance": 198.91, "btc": 66548.7, "eth": 1985.66, "btc_mom": 0.011256182446923772, "eth_mom": -0.05184502866576933, "open_positions": [], "daily_trades": 0, "daily_pnl": 0.0, "trades": []}