{"ts": 1772344553.1647239, "mode": "LIVE", "balance": 199.95, "btc": 67319.36, "eth": 2010.5, "btc_mom": 0.03561908178257257, "eth_mom": 0.012933779051257107, "open_positions": [], "daily_trades": 0, "daily_pnl": 0.0, "trades": []}