{"ts": 1772364762.7909591, "mode": "LIVE", "balance": 198.91, "btc": 66548.18, "eth": 1987.74, "btc_mom": -0.027941865296782904, "eth_mom": -0.018610640256318357, "open_positions": [], "daily_trades": 0, "daily_pnl": 0.0, "trades": []}