{"ts": 1772341569.986561, "mode": "PAPER", "balance": 199.95, "btc": 67292.02, "eth": 2015.64, "btc_mom": 0.0013077501733581222, "eth_mom": 0.06255026360468188, "open_positions": [], "daily_trades": 0, "daily_pnl": 0.0, "trades": []}