{"ts": 1772356363.1521587, "mode": "LIVE", "balance": 198.91, "btc": 66589.48, "eth": 1987.14, "btc_mom": -0.00030034684052707513, "eth_mom": 0.012582478144235463, "open_positions": [], "daily_trades": 0, "daily_pnl": 0.0, "trades": []}