{"ts": 1772362062.8212605, "mode": "LIVE", "balance": 198.91, "btc": 66492.93, "eth": 1983.96, "btc_mom": -0.012721538602435833, "eth_mom": 0.036304229442731456, "open_positions": [], "daily_trades": 0, "daily_pnl": 0.0, "trades": []}