{"ts": 1772356393.153649, "mode": "LIVE", "balance": 198.91, "btc": 66600.84, "eth": 1987.38, "btc_mom": 0.014311176638511594, "eth_mom": 0.009561239740540892, "open_positions": [], "daily_trades": 0, "daily_pnl": 0.0, "trades": []}