{"ts": 1772379943.754287, "mode": "LIVE", "balance": 198.91, "btc": 67168.84, "eth": 2011.23, "btc_mom": -0.02760934752786633, "eth_mom": -0.07402917445049531, "open_positions": [], "daily_trades": 0, "daily_pnl": 0.0, "trades": []}