{"ts": 1772365963.0100827, "mode": "LIVE", "balance": 198.91, "btc": 66440.07, "eth": 1982.36, "btc_mom": -0.002889738853394147, "eth_mom": -0.027737012774164325, "open_positions": [], "daily_trades": 0, "daily_pnl": 0.0, "trades": []}