{"ts": 1772375953.077795, "mode": "LIVE", "balance": 198.91, "btc": 66897.97, "eth": 2005.58, "btc_mom": 0.019615802382744886, "eth_mom": 0.007978378594002975, "open_positions": [], "daily_trades": 0, "daily_pnl": 0.0, "trades": []}