{"ts": 1772358492.8105223, "mode": "LIVE", "balance": 198.91, "btc": 66325.37, "eth": 1979.56, "btc_mom": 0.007735195168156968, "eth_mom": -0.0005051602115606371, "open_positions": [], "daily_trades": 0, "daily_pnl": 0.0, "trades": []}