{"ts": 1772358402.8042223, "mode": "LIVE", "balance": 198.91, "btc": 66341.99, "eth": 1981.43, "btc_mom": -0.004883546262467832, "eth_mom": 0.001514080952860236, "open_positions": [], "daily_trades": 0, "daily_pnl": 0.0, "trades": []}