{"ts": 1772349643.120481, "mode": "LIVE", "balance": 198.91, "btc": 67017.79, "eth": 2002.44, "btc_mom": 0.002745615036415223, "eth_mom": 0.0009987914623296715, "open_positions": [], "daily_trades": 0, "daily_pnl": 0.0, "trades": []}