{"ts": 1772357652.688453, "mode": "LIVE", "balance": 198.91, "btc": 66473.05, "eth": 1984.09, "btc_mom": -0.017071673956584207, "eth_mom": -0.029224001975147237, "open_positions": [], "daily_trades": 0, "daily_pnl": 0.0, "trades": []}