{"ts": 1772343017.881672, "mode": "LIVE", "balance": 199.95, "btc": 67496.99, "eth": 2020.99, "btc_mom": 0.051673435155398406, "eth_mom": 0.05099110873482508, "open_positions": [], "daily_trades": 0, "daily_pnl": 0.0, "trades": []}