{"ts": 1772350723.5912576, "mode": "LIVE", "balance": 198.91, "btc": 67129.05, "eth": 2005.01, "btc_mom": -0.004260269073232956, "eth_mom": -0.01595747333356287, "open_positions": [], "daily_trades": 0, "daily_pnl": 0.0, "trades": []}