{"ts": 1772366803.1532807, "mode": "LIVE", "balance": 198.91, "btc": 66490.03, "eth": 1984.76, "btc_mom": 0.00845310953349115, "eth_mom": 0.013101536911060262, "open_positions": [], "daily_trades": 0, "daily_pnl": 0.0, "trades": []}