{"ts": 1772365572.8745189, "mode": "LIVE", "balance": 198.91, "btc": 66406.98, "eth": 1984.2, "btc_mom": 0.008343192557260199, "eth_mom": 0.01764246288782602, "open_positions": [], "daily_trades": 0, "daily_pnl": 0.0, "trades": []}