{"ts": 1772377153.2938986, "mode": "LIVE", "balance": 198.91, "btc": 66903.91, "eth": 2002.65, "btc_mom": 0.03884689612852922, "eth_mom": 0.034466223101363394, "open_positions": [], "daily_trades": 0, "daily_pnl": 0.0, "trades": []}