{"ts": 1772352762.9994488, "mode": "LIVE", "balance": 198.91, "btc": 67240.01, "eth": 2008.41, "btc_mom": 0.008715808856065828, "eth_mom": 0.013445277719679991, "open_positions": [], "daily_trades": 0, "daily_pnl": 0.0, "trades": []}