{"ts": 1772356093.0746367, "mode": "LIVE", "balance": 198.91, "btc": 66564.01, "eth": 1987.02, "btc_mom": -0.042497399474508264, "eth_mom": -0.05683675778991068, "open_positions": [], "daily_trades": 0, "daily_pnl": 0.0, "trades": []}