{"ts": 1772365332.8161569, "mode": "LIVE", "balance": 198.91, "btc": 66511.87, "eth": 1987.12, "btc_mom": 0.007127055399910786, "eth_mom": -0.0040257648953378935, "open_positions": [], "daily_trades": 0, "daily_pnl": 0.0, "trades": []}