{"ts": 1772382283.4641256, "mode": "LIVE", "balance": 198.43, "btc": 66895.2, "eth": 1999.62, "btc_mom": 0.05661307245948466, "eth_mom": 0.0765731273366051, "open_positions": [], "daily_trades": 0, "daily_pnl": 0.0, "trades": []}