{"ts": 1772356423.156093, "mode": "LIVE", "balance": 198.91, "btc": 66640.6, "eth": 1989.38, "btc_mom": 0.05969894674002507, "eth_mom": 0.07696757803658225, "open_positions": [], "daily_trades": 0, "daily_pnl": 0.0, "trades": []}