{"ts": 1772347988.5079873, "mode": "LIVE", "balance": 198.39, "btc": 66921.77, "eth": 1999.09, "btc_mom": 0.04682282747388751, "eth_mom": 0.08561215191900434, "open_positions": [], "daily_trades": 0, "daily_pnl": 0.0, "trades": []}