{"ts": 1772371783.6729522, "mode": "LIVE", "balance": 198.91, "btc": 66321.57, "eth": 1976.31, "btc_mom": -0.006664054317166247, "eth_mom": 0.01012089407978531, "open_positions": [], "daily_trades": 0, "daily_pnl": 0.0, "trades": []}