{"ts": 1772382103.453539, "mode": "LIVE", "balance": 198.43, "btc": 66891.36, "eth": 1999.0, "btc_mom": 0.005501760563391595, "eth_mom": 0.005002751513327783, "open_positions": [], "daily_trades": 0, "daily_pnl": 0.0, "trades": []}