{"ts": 1772361972.8142228, "mode": "LIVE", "balance": 198.91, "btc": 66370.81, "eth": 1979.45, "btc_mom": -0.030395690740577245, "eth_mom": -0.06916327581506097, "open_positions": [], "daily_trades": 0, "daily_pnl": 0.0, "trades": []}