{"ts": 1772357143.5594742, "mode": "LIVE", "balance": 198.91, "btc": 66623.0, "eth": 1990.44, "btc_mom": 0.024727305265716686, "eth_mom": 0.031661314396857446, "open_positions": [], "daily_trades": 0, "daily_pnl": 0.0, "trades": []}