{"ts": 1772371932.974058, "mode": "LIVE", "balance": 198.91, "btc": 66348.08, "eth": 1978.02, "btc_mom": 0.025674250596061474, "eth_mom": 0.017697593632906856, "open_positions": [], "daily_trades": 0, "daily_pnl": 0.0, "trades": []}