{"ts": 1772377993.566559, "mode": "LIVE", "balance": 198.91, "btc": 67005.63, "eth": 2004.11, "btc_mom": -0.04436463914496286, "eth_mom": -0.06382798358425044, "open_positions": [], "daily_trades": 0, "daily_pnl": 0.0, "trades": []}