{"ts": 1772378722.0864608, "mode": "LIVE", "balance": 198.91, "btc": 67106.37, "eth": 2008.62, "btc_mom": -0.050074478712329104, "eth_mom": -0.034837656520616204, "open_positions": [], "daily_trades": 0, "daily_pnl": 0.0, "trades": []}