{"ts": 1772378812.1370888, "mode": "LIVE", "balance": 198.91, "btc": 67106.36, "eth": 2008.32, "btc_mom": 0.018988392637042446, "eth_mom": 0.023906287353574897, "open_positions": [], "daily_trades": 0, "daily_pnl": 0.0, "trades": []}