{"ts": 1772379793.754897, "mode": "LIVE", "balance": 198.91, "btc": 67177.84, "eth": 2013.3, "btc_mom": 0.00019351656969269224, "eth_mom": 0.01440628710239709, "open_positions": [], "daily_trades": 0, "daily_pnl": 0.0, "trades": []}