{"ts": 1772382223.4605012, "mode": "LIVE", "balance": 198.43, "btc": 66865.26, "eth": 1998.02, "btc_mom": 0.000448665489351012, "eth_mom": 0.0010010010010000907, "open_positions": [], "daily_trades": 0, "daily_pnl": 0.0, "trades": []}