{"ts": 1772344854.101254, "mode": "LIVE", "balance": 199.95, "btc": 67342.0, "eth": 2010.9, "btc_mom": 0.02097199555369238, "eth_mom": -0.04771703796485884, "open_positions": [], "daily_trades": 0, "daily_pnl": 0.0, "trades": []}