{"ts": 1772372503.1104379, "mode": "LIVE", "balance": 198.91, "btc": 66371.44, "eth": 1978.7, "btc_mom": 0.022394161965551242, "eth_mom": 0.03892958800361902, "open_positions": [], "daily_trades": 0, "daily_pnl": 0.0, "trades": []}