{"ts": 1772376793.2487242, "mode": "LIVE", "balance": 198.91, "btc": 66804.0, "eth": 1998.45, "btc_mom": 0.015031299237226833, "eth_mom": 0.023023138253947036, "open_positions": [], "daily_trades": 0, "daily_pnl": 0.0, "trades": []}