{"ts": 1772355072.887478, "mode": "LIVE", "balance": 198.91, "btc": 66832.0, "eth": 1991.97, "btc_mom": -0.12144080261519878, "eth_mom": -0.10831791307487887, "open_positions": [], "daily_trades": 0, "daily_pnl": 0.0, "trades": []}