{"ts": 1772373493.245302, "mode": "LIVE", "balance": 198.91, "btc": 67069.44, "eth": 2011.16, "btc_mom": 0.14544877913959528, "eth_mom": 0.22225544426172505, "open_positions": [], "daily_trades": 0, "daily_pnl": 0.0, "trades": []}