{"ts": 1772363653.2834368, "mode": "LIVE", "balance": 198.91, "btc": 66527.47, "eth": 1986.1, "btc_mom": -0.005937044482136545, "eth_mom": 0.0005035018554038793, "open_positions": [], "daily_trades": 0, "daily_pnl": 0.0, "trades": []}