{"ts": 1772377933.5619526, "mode": "LIVE", "balance": 198.91, "btc": 67012.59, "eth": 2004.36, "btc_mom": 0.02958528211326749, "eth_mom": 0.00848222972871062, "open_positions": [], "daily_trades": 0, "daily_pnl": 0.0, "trades": []}