{"ts": 1772376583.1817374, "mode": "LIVE", "balance": 198.91, "btc": 66958.68, "eth": 2003.85, "btc_mom": -0.04376903325969873, "eth_mom": -0.04040585435935135, "open_positions": [], "daily_trades": 0, "daily_pnl": 0.0, "trades": []}