{"ts": 1772376943.278924, "mode": "LIVE", "balance": 198.91, "btc": 66828.05, "eth": 1999.68, "btc_mom": 0.012750763137669591, "eth_mom": -0.014500217503260731, "open_positions": [], "daily_trades": 0, "daily_pnl": 0.0, "trades": []}