{"ts": 1772372353.012158, "mode": "LIVE", "balance": 198.91, "btc": 66324.96, "eth": 1977.12, "btc_mom": 0.009167826718427311, "eth_mom": 0.021753537479313207, "open_positions": [], "daily_trades": 0, "daily_pnl": 0.0, "trades": []}