{"ts": 1772343258.50304, "mode": "LIVE", "balance": 199.95, "btc": 67538.02, "eth": 2020.05, "btc_mom": 0.026169888041158336, "eth_mom": 0.031197076388264043, "open_positions": [], "daily_trades": 0, "daily_pnl": 0.0, "trades": []}