{"ts": 1772356033.062364, "mode": "LIVE", "balance": 198.91, "btc": 66521.32, "eth": 1984.68, "btc_mom": 0.017065110689428696, "eth_mom": -0.01813565469712953, "open_positions": [], "daily_trades": 0, "daily_pnl": 0.0, "trades": []}