{"ts": 1772357083.3785157, "mode": "LIVE", "balance": 198.91, "btc": 66714.93, "eth": 1992.69, "btc_mom": -0.02905551446394294, "eth_mom": -0.013547687861270764, "open_positions": [], "daily_trades": 0, "daily_pnl": 0.0, "trades": []}