{"ts": 1772370973.4707854, "mode": "LIVE", "balance": 198.91, "btc": 66348.09, "eth": 1979.38, "btc_mom": -0.033539072793814274, "eth_mom": -0.031313131313125804, "open_positions": [], "daily_trades": 0, "daily_pnl": 0.0, "trades": []}