{"ts": 1772350663.5872412, "mode": "LIVE", "balance": 198.91, "btc": 67164.0, "eth": 2005.83, "btc_mom": -0.007205722177123362, "eth_mom": 0.03091945482018795, "open_positions": [], "daily_trades": 0, "daily_pnl": 0.0, "trades": []}