{"ts": 1772377903.5597646, "mode": "LIVE", "balance": 198.91, "btc": 67007.28, "eth": 2004.61, "btc_mom": 0.050183900628412006, "eth_mom": 0.04042319592773458, "open_positions": [], "daily_trades": 0, "daily_pnl": 0.0, "trades": []}