{"ts": 1772357053.375163, "mode": "LIVE", "balance": 198.91, "btc": 66713.18, "eth": 1992.85, "btc_mom": -0.0003747371406327032, "eth_mom": 0.005018190942160786, "open_positions": [], "daily_trades": 0, "daily_pnl": 0.0, "trades": []}