{"ts": 1772343288.575507, "mode": "LIVE", "balance": 199.95, "btc": 67525.79, "eth": 2019.69, "btc_mom": 0.0339837503157093, "eth_mom": 0.021294929825780913, "open_positions": [], "daily_trades": 0, "daily_pnl": 0.0, "trades": []}