{"ts": 1772364103.3252583, "mode": "LIVE", "balance": 198.91, "btc": 66622.56, "eth": 1988.48, "btc_mom": 0.04112910891285272, "eth_mom": 0.041757854753096735, "open_positions": [], "daily_trades": 0, "daily_pnl": 0.0, "trades": []}