{"ts": 1772353183.1118321, "mode": "LIVE", "balance": 198.91, "btc": 67234.17, "eth": 2007.44, "btc_mom": -0.023762028783572867, "eth_mom": -0.02390533487390026, "open_positions": [], "daily_trades": 0, "daily_pnl": 0.0, "trades": []}