{"ts": 1772342686.5977569, "mode": "LIVE", "balance": 199.95, "btc": 67493.62, "eth": 2021.84, "btc_mom": -0.033695531913223414, "eth_mom": -0.006429373333932212, "open_positions": [], "daily_trades": 0, "daily_pnl": 0.0, "trades": []}