{"ts": 1772354472.7845564, "mode": "LIVE", "balance": 198.91, "btc": 67237.01, "eth": 2005.03, "btc_mom": -0.016892602750074957, "eth_mom": -0.02343555223136511, "open_positions": [], "daily_trades": 0, "daily_pnl": 0.0, "trades": []}