{"ts": 1772346943.3942943, "mode": "LIVE", "balance": 199.95, "btc": 66922.05, "eth": 1996.89, "btc_mom": 0.0334231743076845, "eth_mom": 0.03256121508436315, "open_positions": [], "daily_trades": 0, "daily_pnl": 0.0, "trades": []}