{"ts": 1772347163.1158054, "mode": "LIVE", "balance": 199.95, "btc": 66915.71, "eth": 1998.02, "btc_mom": 0.10990054942795373, "eth_mom": 0.1313019945875459, "open_positions": [], "daily_trades": 0, "daily_pnl": 0.0, "trades": []}