{"ts": 1772346973.3961298, "mode": "LIVE", "balance": 199.95, "btc": 66948.0, "eth": 1997.28, "btc_mom": 0.038612023281968944, "eth_mom": 0.016024357022671278, "open_positions": [], "daily_trades": 0, "daily_pnl": 0.0, "trades": []}