{"ts": 1772354322.7539232, "mode": "LIVE", "balance": 198.91, "btc": 67192.08, "eth": 2004.46, "btc_mom": 0.0, "eth_mom": 0.009978745272571697, "open_positions": [], "daily_trades": 0, "daily_pnl": 0.0, "trades": []}