{"ts": 1772371753.6700296, "mode": "LIVE", "balance": 198.91, "btc": 66345.25, "eth": 1977.31, "btc_mom": 0.004868709152956037, "eth_mom": -0.013147448636457415, "open_positions": [], "daily_trades": 0, "daily_pnl": 0.0, "trades": []}