{"ts": 1772353663.5985916, "mode": "LIVE", "balance": 198.91, "btc": 67285.28, "eth": 2008.42, "btc_mom": 0.008427516152365113, "eth_mom": 0.006473168715678968, "open_positions": [], "daily_trades": 0, "daily_pnl": 0.0, "trades": []}