{"ts": 1772368303.0042384, "mode": "LIVE", "balance": 198.91, "btc": 66420.91, "eth": 1982.07, "btc_mom": -0.010086167483666942, "eth_mom": -0.004540501271347697, "open_positions": [], "daily_trades": 0, "daily_pnl": 0.0, "trades": []}