{"ts": 1772352793.0025334, "mode": "LIVE", "balance": 198.91, "btc": 67240.16, "eth": 2008.16, "btc_mom": 0.014591624169735352, "eth_mom": 0.003485899536383514, "open_positions": [], "daily_trades": 0, "daily_pnl": 0.0, "trades": []}