{"ts": 1772353003.0984828, "mode": "LIVE", "balance": 198.91, "btc": 67206.0, "eth": 2007.21, "btc_mom": 0.004583134185243359, "eth_mom": 0.0004982064567552265, "open_positions": [], "daily_trades": 0, "daily_pnl": 0.0, "trades": []}