{"ts": 1772367762.7754493, "mode": "LIVE", "balance": 198.91, "btc": 66470.23, "eth": 1982.91, "btc_mom": -0.03613845766536666, "eth_mom": -0.0539319952822073, "open_positions": [], "daily_trades": 0, "daily_pnl": 0.0, "trades": []}