{"ts": 1772351232.7312698, "mode": "LIVE", "balance": 198.91, "btc": 67118.0, "eth": 2005.64, "btc_mom": -0.010890080060706865, "eth_mom": -0.014457134595921274, "open_positions": [], "daily_trades": 0, "daily_pnl": 0.0, "trades": []}