{"ts": 1772364792.7932074, "mode": "LIVE", "balance": 198.91, "btc": 66548.01, "eth": 1987.38, "btc_mom": -0.00533421004707164, "eth_mom": -0.009559411743980197, "open_positions": [], "daily_trades": 0, "daily_pnl": 0.0, "trades": []}