{"ts": 1772359032.9379776, "mode": "LIVE", "balance": 198.91, "btc": 66416.0, "eth": 1979.9, "btc_mom": 3.0113234802941306e-05, "eth_mom": -0.0010101418239111585, "open_positions": [], "daily_trades": 0, "daily_pnl": 0.0, "trades": []}