{"ts": 1772369203.0327814, "mode": "LIVE", "balance": 198.91, "btc": 66377.87, "eth": 1978.1, "btc_mom": -0.10635297630316372, "eth_mom": -0.07779192176356262, "open_positions": [], "daily_trades": 0, "daily_pnl": 0.0, "trades": []}