{"ts": 1772343679.857225, "mode": "LIVE", "balance": 199.95, "btc": 67492.6, "eth": 2017.49, "btc_mom": 0.018316473089011808, "eth_mom": 0.015863809198031716, "open_positions": [], "daily_trades": 0, "daily_pnl": 0.0, "trades": []}