{"ts": 1772366743.1482806, "mode": "LIVE", "balance": 198.91, "btc": 66448.77, "eth": 1981.8, "btc_mom": -0.0006170128811054412, "eth_mom": 0.0, "open_positions": [], "daily_trades": 0, "daily_pnl": 0.0, "trades": []}