{"ts": 1772349823.1340916, "mode": "LIVE", "balance": 198.91, "btc": 67073.49, "eth": 2003.86, "btc_mom": 0.0011778264480304939, "eth_mom": -0.0024951220364278783, "open_positions": [], "daily_trades": 0, "daily_pnl": 0.0, "trades": []}