{"ts": 1772381913.4689596, "mode": "LIVE", "balance": 198.43, "btc": 67014.97, "eth": 2001.88, "btc_mom": -0.04034782961492346, "eth_mom": -0.03994647172788236, "open_positions": [], "daily_trades": 0, "daily_pnl": 0.0, "trades": []}