{"ts": 1772363323.0579767, "mode": "LIVE", "balance": 198.91, "btc": 66510.76, "eth": 1986.79, "btc_mom": -0.005938536002053743, "eth_mom": 0.00956407933152394, "open_positions": [], "daily_trades": 0, "daily_pnl": 0.0, "trades": []}