{"ts": 1772348172.7824154, "mode": "LIVE", "balance": 198.91, "btc": 66945.8, "eth": 1998.99, "btc_mom": 0.025011557012761334, "eth_mom": 0.02652042072395608, "open_positions": [], "daily_trades": 0, "daily_pnl": 0.0, "trades": []}