{"ts": 1772372172.9973786, "mode": "LIVE", "balance": 198.91, "btc": 66323.99, "eth": 1975.8, "btc_mom": 0.0027140237679167565, "eth_mom": 0.006073858114668917, "open_positions": [], "daily_trades": 0, "daily_pnl": 0.0, "trades": []}