{"ts": 1772374333.4750812, "mode": "LIVE", "balance": 198.91, "btc": 67043.89, "eth": 2015.29, "btc_mom": -0.04657463951244707, "eth_mom": -0.053065920768113645, "open_positions": [], "daily_trades": 0, "daily_pnl": 0.0, "trades": []}