{"ts": 1772370643.4282138, "mode": "LIVE", "balance": 198.91, "btc": 66328.2, "eth": 1979.32, "btc_mom": -0.02568383202775082, "eth_mom": 0.0020209369063479456, "open_positions": [], "daily_trades": 0, "daily_pnl": 0.0, "trades": []}