{"ts": 1772370463.2952561, "mode": "LIVE", "balance": 198.91, "btc": 66386.17, "eth": 1980.32, "btc_mom": 0.015321803061344843, "eth_mom": 0.03889772928190659, "open_positions": [], "daily_trades": 0, "daily_pnl": 0.0, "trades": []}