{"ts": 1772343619.804811, "mode": "LIVE", "balance": 199.95, "btc": 67495.69, "eth": 2017.54, "btc_mom": -0.04336173714701219, "eth_mom": -0.06686842770037676, "open_positions": [], "daily_trades": 0, "daily_pnl": 0.0, "trades": []}