{"ts": 1772355733.1475806, "mode": "LIVE", "balance": 198.91, "btc": 66419.99, "eth": 1979.69, "btc_mom": -0.04517681788157673, "eth_mom": -0.09285753937613452, "open_positions": [], "daily_trades": 0, "daily_pnl": 0.0, "trades": []}