{"ts": 1772380063.764028, "mode": "LIVE", "balance": 198.91, "btc": 67224.11, "eth": 2011.7, "btc_mom": -0.005786279526386949, "eth_mom": -0.014910536779321797, "open_positions": [], "daily_trades": 0, "daily_pnl": 0.0, "trades": []}