{"ts": 1772362903.0481446, "mode": "LIVE", "balance": 198.91, "btc": 66473.05, "eth": 1985.49, "btc_mom": -0.03116081401310403, "eth_mom": -0.035243355368824, "open_positions": [], "daily_trades": 0, "daily_pnl": 0.0, "trades": []}