{"ts": 1772368122.8896008, "mode": "LIVE", "balance": 198.91, "btc": 66427.25, "eth": 1980.85, "btc_mom": -0.013351171019613042, "eth_mom": -0.023216962514701706, "open_positions": [], "daily_trades": 0, "daily_pnl": 0.0, "trades": []}