{"ts": 1772373073.195508, "mode": "LIVE", "balance": 198.91, "btc": 66485.02, "eth": 1982.34, "btc_mom": 0.05569768003587965, "eth_mom": 0.09240044231031035, "open_positions": [], "daily_trades": 0, "daily_pnl": 0.0, "trades": []}