{"ts": 1772350393.4660835, "mode": "LIVE", "balance": 198.91, "btc": 66971.99, "eth": 2000.43, "btc_mom": 0.008959771967830236, "eth_mom": 0.021500000000003183, "open_positions": [], "daily_trades": 0, "daily_pnl": 0.0, "trades": []}