{"ts": 1772357173.5609324, "mode": "LIVE", "balance": 198.91, "btc": 66615.61, "eth": 1990.27, "btc_mom": -0.04049962036295888, "eth_mom": -0.022102666887696076, "open_positions": [], "daily_trades": 0, "daily_pnl": 0.0, "trades": []}