{"ts": 1772366023.0151076, "mode": "LIVE", "balance": 198.91, "btc": 66489.38, "eth": 1984.2, "btc_mom": 0.03216585424565905, "eth_mom": 0.03680418660226866, "open_positions": [], "daily_trades": 0, "daily_pnl": 0.0, "trades": []}