{"ts": 1772356603.2219732, "mode": "LIVE", "balance": 198.91, "btc": 66683.99, "eth": 1992.63, "btc_mom": 0.03507318639899133, "eth_mom": 0.045689153093812475, "open_positions": [], "daily_trades": 0, "daily_pnl": 0.0, "trades": []}