{"ts": 1772341630.145876, "mode": "PAPER", "balance": 199.95, "btc": 67265.83, "eth": 2015.55, "btc_mom": -0.05000038633284266, "eth_mom": -0.01091394355506964, "open_positions": [], "daily_trades": 0, "daily_pnl": 0.0, "trades": []}