{"ts": 1772379823.758233, "mode": "LIVE", "balance": 198.91, "btc": 67183.95, "eth": 2013.39, "btc_mom": -0.015537011348718736, "eth_mom": -0.0069529632039191215, "open_positions": [], "daily_trades": 0, "daily_pnl": 0.0, "trades": []}