{"ts": 1772349342.9322596, "mode": "LIVE", "balance": 198.91, "btc": 67014.0, "eth": 2002.59, "btc_mom": -0.0403335031795354, "eth_mom": -0.03394450074129117, "open_positions": [], "daily_trades": 0, "daily_pnl": 0.0, "trades": []}