{"ts": 1772359273.0853941, "mode": "LIVE", "balance": 198.91, "btc": 66504.22, "eth": 1982.58, "btc_mom": 0.05118082990573832, "eth_mom": 0.038853371413000326, "open_positions": [], "daily_trades": 0, "daily_pnl": 0.0, "trades": []}