{"ts": 1772365482.8307323, "mode": "LIVE", "balance": 198.91, "btc": 66426.03, "eth": 1984.18, "btc_mom": -0.07500463701952781, "eth_mom": -0.06748861759135734, "open_positions": [], "daily_trades": 0, "daily_pnl": 0.0, "trades": []}