{"ts": 1772380754.0022812, "mode": "LIVE", "balance": 198.73, "btc": 66866.39, "eth": 1994.13, "btc_mom": 0.04714604110906574, "eth_mom": 0.04615670200330486, "open_positions": [], "daily_trades": 0, "daily_pnl": 0.0, "trades": []}