{"ts": 1772354862.7798734, "mode": "LIVE", "balance": 198.91, "btc": 67020.34, "eth": 1997.38, "btc_mom": -0.011457894772973402, "eth_mom": -0.030030330633935728, "open_positions": [], "daily_trades": 0, "daily_pnl": 0.0, "trades": []}