{"ts": 1772375352.8273404, "mode": "LIVE", "balance": 198.91, "btc": 66941.65, "eth": 2008.18, "btc_mom": -0.006527647199952881, "eth_mom": -0.003983547946975354, "open_positions": [], "daily_trades": 0, "daily_pnl": 0.0, "trades": []}