{"ts": 1772357502.6763005, "mode": "LIVE", "balance": 198.91, "btc": 66563.92, "eth": 1989.09, "btc_mom": 0.007181583175502021, "eth_mom": -0.013572204125949141, "open_positions": [], "daily_trades": 0, "daily_pnl": 0.0, "trades": []}