{"ts": 1772353543.5890453, "mode": "LIVE", "balance": 198.91, "btc": 67262.4, "eth": 2007.7, "btc_mom": -0.004474811050745566, "eth_mom": -0.019919326726749842, "open_positions": [], "daily_trades": 0, "daily_pnl": 0.0, "trades": []}