{"ts": 1772370433.2934415, "mode": "LIVE", "balance": 198.91, "btc": 66336.73, "eth": 1978.65, "btc_mom": -0.04277849569171188, "eth_mom": -0.04495994018811808, "open_positions": [], "daily_trades": 0, "daily_pnl": 0.0, "trades": []}