{"ts": 1772370043.401331, "mode": "LIVE", "balance": 198.91, "btc": 66294.99, "eth": 1978.39, "btc_mom": -0.04524689031284548, "eth_mom": -0.03688508023767083, "open_positions": [], "daily_trades": 0, "daily_pnl": 0.0, "trades": []}