{"ts": 1772364522.882372, "mode": "LIVE", "balance": 198.91, "btc": 66552.57, "eth": 1987.48, "btc_mom": -0.008578947653082158, "eth_mom": -0.012577160882011138, "open_positions": [], "daily_trades": 0, "daily_pnl": 0.0, "trades": []}