{"ts": 1772366563.3689935, "mode": "LIVE", "balance": 198.91, "btc": 66509.99, "eth": 1984.87, "btc_mom": -0.015033075020005265, "eth_mom": -0.004030328219862193, "open_positions": [], "daily_trades": 0, "daily_pnl": 0.0, "trades": []}