{"ts": 1772367073.3206, "mode": "LIVE", "balance": 198.91, "btc": 66527.64, "eth": 1986.85, "btc_mom": -0.004554290524954635, "eth_mom": -0.008555525359587361, "open_positions": [], "daily_trades": 0, "daily_pnl": 0.0, "trades": []}