{"ts": 1772361103.6157534, "mode": "LIVE", "balance": 198.91, "btc": 66595.16, "eth": 1985.22, "btc_mom": -0.003693825695260358, "eth_mom": -0.024172835775797864, "open_positions": [], "daily_trades": 0, "daily_pnl": 0.0, "trades": []}