{"ts": 1772347958.5055547, "mode": "LIVE", "balance": 198.39, "btc": 66915.58, "eth": 1998.5, "btc_mom": 0.037464202700169875, "eth_mom": 0.06008110949782434, "open_positions": [], "daily_trades": 0, "daily_pnl": 0.0, "trades": []}