{"ts": 1772356933.3661745, "mode": "LIVE", "balance": 198.91, "btc": 66713.76, "eth": 1992.98, "btc_mom": 0.024513695509302786, "eth_mom": 0.014553191916452816, "open_positions": [], "daily_trades": 0, "daily_pnl": 0.0, "trades": []}