{"ts": 1772346983.6530628, "mode": "LIVE", "balance": 199.95, "btc": 66952.9, "eth": 1997.21, "btc_mom": 0.046083458877381404, "eth_mom": 0.02654406314481903, "open_positions": [], "daily_trades": 0, "daily_pnl": 0.0, "trades": []}