{"ts": 1772368363.008564, "mode": "LIVE", "balance": 198.91, "btc": 66393.52, "eth": 1980.81, "btc_mom": -0.0357437208339981, "eth_mom": -0.06508248827001481, "open_positions": [], "daily_trades": 0, "daily_pnl": 0.0, "trades": []}