{"ts": 1772348232.7888603, "mode": "LIVE", "balance": 198.91, "btc": 66952.01, "eth": 1999.94, "btc_mom": -0.020891198518659077, "eth_mom": -0.00649977250795631, "open_positions": [], "daily_trades": 0, "daily_pnl": 0.0, "trades": []}