{"ts": 1772344673.4405, "mode": "LIVE", "balance": 199.95, "btc": 67317.56, "eth": 2011.42, "btc_mom": -0.015342824496656209, "eth_mom": 0.027351345437555984, "open_positions": [], "daily_trades": 0, "daily_pnl": 0.0, "trades": []}