{"ts": 1772381853.4654436, "mode": "LIVE", "balance": 198.43, "btc": 66981.4, "eth": 1999.7, "btc_mom": 0.011049063815800429, "eth_mom": 0.042023953653589824, "open_positions": [], "daily_trades": 0, "daily_pnl": 0.0, "trades": []}