{"ts": 1772378632.0784512, "mode": "LIVE", "balance": 198.91, "btc": 67046.72, "eth": 2007.7, "btc_mom": 0.00704036275767603, "eth_mom": 0.028398758426207385, "open_positions": [], "daily_trades": 0, "daily_pnl": 0.0, "trades": []}