{"ts": 1772381384.2571733, "mode": "LIVE", "balance": 198.43, "btc": 66930.29, "eth": 2000.89, "btc_mom": -0.02642350075387238, "eth_mom": -0.03996622853688406, "open_positions": [], "daily_trades": 0, "daily_pnl": 0.0, "trades": []}