{"ts": 1772349793.131762, "mode": "LIVE", "balance": 198.91, "btc": 67070.01, "eth": 2003.87, "btc_mom": 0.0008647755020457849, "eth_mom": -0.02195269194885295, "open_positions": [], "daily_trades": 0, "daily_pnl": 0.0, "trades": []}