{"ts": 1772367133.325561, "mode": "LIVE", "balance": 198.91, "btc": 66502.0, "eth": 1985.59, "btc_mom": -0.01628257285098491, "eth_mom": -0.03675137943533863, "open_positions": [], "daily_trades": 0, "daily_pnl": 0.0, "trades": []}