{"ts": 1772378083.5734155, "mode": "LIVE", "balance": 198.91, "btc": 67080.8, "eth": 2006.0, "btc_mom": 0.06556095639934915, "eth_mom": 0.07483162883512097, "open_positions": [], "daily_trades": 0, "daily_pnl": 0.0, "trades": []}