{"ts": 1772354592.7940118, "mode": "LIVE", "balance": 198.91, "btc": 67197.66, "eth": 2003.5, "btc_mom": 0.008408737884175115, "eth_mom": 0.017971784298646123, "open_positions": [], "daily_trades": 0, "daily_pnl": 0.0, "trades": []}