{"ts": 1772343348.833359, "mode": "LIVE", "balance": 199.95, "btc": 67546.49, "eth": 2020.38, "btc_mom": 0.021397250845689903, "eth_mom": 0.029210957574804585, "open_positions": [], "daily_trades": 0, "daily_pnl": 0.0, "trades": []}