{"ts": 1772355703.14398, "mode": "LIVE", "balance": 198.91, "btc": 66481.56, "eth": 1983.24, "btc_mom": -0.024707513715839482, "eth_mom": -0.009579365039353775, "open_positions": [], "daily_trades": 0, "daily_pnl": 0.0, "trades": []}