{"ts": 1772362182.8301966, "mode": "LIVE", "balance": 198.91, "btc": 66524.16, "eth": 1984.9, "btc_mom": 0.016147117378726338, "eth_mom": 0.0287250608517819, "open_positions": [], "daily_trades": 0, "daily_pnl": 0.0, "trades": []}