{"ts": 1772376673.2402987, "mode": "LIVE", "balance": 198.91, "btc": 66858.63, "eth": 2000.7, "btc_mom": -0.022206112198724023, "eth_mom": -0.017990465053516633, "open_positions": [], "daily_trades": 0, "daily_pnl": 0.0, "trades": []}