{"ts": 1772357203.5631685, "mode": "LIVE", "balance": 198.91, "btc": 66646.28, "eth": 1990.9, "btc_mom": 0.015427096464371863, "eth_mom": 0.022607952975460095, "open_positions": [], "daily_trades": 0, "daily_pnl": 0.0, "trades": []}