{"ts": 1772357772.8776276, "mode": "LIVE", "balance": 198.91, "btc": 66481.56, "eth": 1985.2, "btc_mom": 0.047509412717733186, "eth_mom": 0.06098821062606346, "open_positions": [], "daily_trades": 0, "daily_pnl": 0.0, "trades": []}