{"ts": 1772370163.4105716, "mode": "LIVE", "balance": 198.91, "btc": 66369.62, "eth": 1980.73, "btc_mom": 0.024625760776251768, "eth_mom": 0.018683471692021565, "open_positions": [], "daily_trades": 0, "daily_pnl": 0.0, "trades": []}