{"ts": 1772348078.5163198, "mode": "LIVE", "balance": 198.39, "btc": 66930.3, "eth": 1999.53, "btc_mom": 0.0207721873860649, "eth_mom": 0.00800252079405422, "open_positions": [], "daily_trades": 0, "daily_pnl": 0.0, "trades": []}