{"ts": 1772353123.1070552, "mode": "LIVE", "balance": 198.91, "btc": 67244.49, "eth": 2007.8, "btc_mom": 1.4871109136858856e-05, "eth_mom": 0.019926272790667707, "open_positions": [], "daily_trades": 0, "daily_pnl": 0.0, "trades": []}