{"ts": 1772362272.940707, "mode": "LIVE", "balance": 198.91, "btc": 66438.39, "eth": 1981.62, "btc_mom": 0.024690618272644613, "eth_mom": 0.039377233900768, "open_positions": [], "daily_trades": 0, "daily_pnl": 0.0, "trades": []}