{"ts": 1772356753.2354035, "mode": "LIVE", "balance": 198.91, "btc": 66735.39, "eth": 1993.49, "btc_mom": -0.0494545249767129, "eth_mom": -0.03911205604055482, "open_positions": [], "daily_trades": 0, "daily_pnl": 0.0, "trades": []}