{"ts": 1772353872.7830641, "mode": "LIVE", "balance": 198.91, "btc": 67217.13, "eth": 2006.65, "btc_mom": -0.048877323420067426, "eth_mom": -0.03985155296520235, "open_positions": [], "daily_trades": 0, "daily_pnl": 0.0, "trades": []}