{"ts": 1772368843.0081067, "mode": "LIVE", "balance": 198.91, "btc": 66358.0, "eth": 1979.9, "btc_mom": 0.007927328999517971, "eth_mom": -0.04644541149624123, "open_positions": [], "daily_trades": 0, "daily_pnl": 0.0, "trades": []}