{"ts": 1772380093.765857, "mode": "LIVE", "balance": 198.91, "btc": 67185.88, "eth": 2010.19, "btc_mom": -0.047799689398704465, "eth_mom": -0.04475185098627429, "open_positions": [], "daily_trades": 0, "daily_pnl": 0.0, "trades": []}