{"ts": 1772344101.489881, "mode": "LIVE", "balance": 199.95, "btc": 67384.01, "eth": 2013.89, "btc_mom": 0.033847372991055766, "eth_mom": 0.006455585571275084, "open_positions": [], "daily_trades": 0, "daily_pnl": 0.0, "trades": []}