{"ts": 1772380183.7723272, "mode": "LIVE", "balance": 198.91, "btc": 67183.04, "eth": 2010.25, "btc_mom": -0.01332004008217593, "eth_mom": 0.017911427988591414, "open_positions": [], "daily_trades": 0, "daily_pnl": 0.0, "trades": []}