{"ts": 1772374903.6257198, "mode": "LIVE", "balance": 198.91, "btc": 66922.5, "eth": 2011.8, "btc_mom": -0.04113515092745815, "eth_mom": -0.0655698617071976, "open_positions": [], "daily_trades": 0, "daily_pnl": 0.0, "trades": []}