{"ts": 1772382583.6452963, "mode": "LIVE", "balance": 198.43, "btc": 67038.02, "eth": 2005.6, "btc_mom": -0.012976026269438817, "eth_mom": -0.027914024803613508, "open_positions": [], "daily_trades": 0, "daily_pnl": 0.0, "trades": []}