{"ts": 1772374753.5945432, "mode": "LIVE", "balance": 198.91, "btc": 67067.58, "eth": 2017.36, "btc_mom": -0.034252210743204295, "eth_mom": -0.03914476129129108, "open_positions": [], "daily_trades": 0, "daily_pnl": 0.0, "trades": []}