{"ts": 1772379763.75253, "mode": "LIVE", "balance": 198.91, "btc": 67177.37, "eth": 2013.39, "btc_mom": -0.007963357244252423, "eth_mom": 0.003973555984928035, "open_positions": [], "daily_trades": 0, "daily_pnl": 0.0, "trades": []}