{"ts": 1772360563.3043323, "mode": "LIVE", "balance": 198.91, "btc": 66489.57, "eth": 1979.34, "btc_mom": 0.03413730266864087, "eth_mom": 0.018696594693193472, "open_positions": [], "daily_trades": 0, "daily_pnl": 0.0, "trades": []}