{"ts": 1772359182.950042, "mode": "LIVE", "balance": 198.91, "btc": 66404.1, "eth": 1980.8, "btc_mom": -0.002891304131761328, "eth_mom": 0.004038935336641587, "open_positions": [], "daily_trades": 0, "daily_pnl": 0.0, "trades": []}