{"ts": 1772362693.0378191, "mode": "LIVE", "balance": 198.91, "btc": 66470.31, "eth": 1983.7, "btc_mom": 0.0, "eth_mom": -0.005040830728899538, "open_positions": [], "daily_trades": 0, "daily_pnl": 0.0, "trades": []}