{"ts": 1772377063.2874956, "mode": "LIVE", "balance": 198.91, "btc": 66853.6, "eth": 2001.59, "btc_mom": 0.0173693212904053, "eth_mom": 0.019488307015784162, "open_positions": [], "daily_trades": 0, "daily_pnl": 0.0, "trades": []}