{"ts": 1772343168.2279592, "mode": "LIVE", "balance": 199.95, "btc": 67502.01, "eth": 2019.2, "btc_mom": -0.0029035329329614285, "eth_mom": 0.01882287672997638, "open_positions": [], "daily_trades": 0, "daily_pnl": 0.0, "trades": []}