{"ts": 1772343439.1639712, "mode": "LIVE", "balance": 199.95, "btc": 67482.11, "eth": 2017.65, "btc_mom": -0.08500208470537471, "eth_mom": -0.1059516088306147, "open_positions": [], "daily_trades": 0, "daily_pnl": 0.0, "trades": []}