{"ts": 1772374243.46922, "mode": "LIVE", "balance": 198.91, "btc": 67015.49, "eth": 2015.12, "btc_mom": 0.008476370847802086, "eth_mom": -0.007443171386468857, "open_positions": [], "daily_trades": 0, "daily_pnl": 0.0, "trades": []}