{"ts": 1772352943.0904324, "mode": "LIVE", "balance": 198.91, "btc": 67245.77, "eth": 2008.11, "btc_mom": 0.013236785115084524, "eth_mom": 0.03736250597800096, "open_positions": [], "daily_trades": 0, "daily_pnl": 0.0, "trades": []}