{"ts": 1772382433.6361835, "mode": "LIVE", "balance": 198.43, "btc": 67049.99, "eth": 2005.67, "btc_mom": 0.07328260863401341, "eth_mom": 0.07584262654990803, "open_positions": [], "daily_trades": 0, "daily_pnl": 0.0, "trades": []}