{"ts": 1772381883.4672747, "mode": "LIVE", "balance": 198.43, "btc": 67012.65, "eth": 2001.54, "btc_mom": -0.04298831752944407, "eth_mom": -0.06291192330736924, "open_positions": [], "daily_trades": 0, "daily_pnl": 0.0, "trades": []}