{"ts": 1772382253.4623134, "mode": "LIVE", "balance": 198.43, "btc": 66873.81, "eth": 1998.0, "btc_mom": 0.03272904761314245, "eth_mom": 0.04506534474989189, "open_positions": [], "daily_trades": 0, "daily_pnl": 0.0, "trades": []}