{"ts": 1772352973.0926852, "mode": "LIVE", "balance": 198.91, "btc": 67200.02, "eth": 2007.1, "btc_mom": -0.050792625238021354, "eth_mom": -0.035361911734677905, "open_positions": [], "daily_trades": 0, "daily_pnl": 0.0, "trades": []}