{"ts": 1772359303.0889814, "mode": "LIVE", "balance": 198.91, "btc": 66450.33, "eth": 1981.0, "btc_mom": -0.05619085277289763, "eth_mom": -0.02725153163700776, "open_positions": [], "daily_trades": 0, "daily_pnl": 0.0, "trades": []}