{"ts": 1772352492.9708574, "mode": "LIVE", "balance": 198.91, "btc": 67002.53, "eth": 2002.82, "btc_mom": 0.014583665458781033, "eth_mom": 0.02447149071331944, "open_positions": [], "daily_trades": 0, "daily_pnl": 0.0, "trades": []}