{"ts": 1772382193.4588063, "mode": "LIVE", "balance": 198.43, "btc": 66848.34, "eth": 1997.34, "btc_mom": -0.011292946664838223, "eth_mom": -0.012014537590484943, "open_positions": [], "daily_trades": 0, "daily_pnl": 0.0, "trades": []}