{"ts": 1772381354.2531934, "mode": "LIVE", "balance": 198.43, "btc": 66947.32, "eth": 2001.75, "btc_mom": 0.023636105570631144, "eth_mom": 0.017487758568997154, "open_positions": [], "daily_trades": 0, "daily_pnl": 0.0, "trades": []}