{"ts": 1772376103.0713, "mode": "LIVE", "balance": 198.91, "btc": 66947.33, "eth": 2007.28, "btc_mom": -0.0423735709558057, "eth_mom": -0.06422479674594182, "open_positions": [], "daily_trades": 0, "daily_pnl": 0.0, "trades": []}