{"ts": 1772366232.8997855, "mode": "LIVE", "balance": 198.91, "btc": 66453.46, "eth": 1984.02, "btc_mom": 0.0022121233690686527, "eth_mom": 0.011089827603590447, "open_positions": [], "daily_trades": 0, "daily_pnl": 0.0, "trades": []}