{"ts": 1772342445.575026, "mode": "LIVE", "balance": 199.95, "btc": 67510.71, "eth": 2019.0, "btc_mom": 0.13279209886272147, "eth_mom": 0.13887511159606955, "open_positions": [], "daily_trades": 0, "daily_pnl": 0.0, "trades": []}