{"ts": 1772369803.3300118, "mode": "LIVE", "balance": 198.91, "btc": 66333.9, "eth": 1977.4, "btc_mom": -0.00854693510978863, "eth_mom": -0.011124482964361198, "open_positions": [], "daily_trades": 0, "daily_pnl": 0.0, "trades": []}