{"ts": 1772379493.7814157, "mode": "LIVE", "balance": 198.91, "btc": 67140.28, "eth": 2012.41, "btc_mom": 0.0011319711549840708, "eth_mom": -0.0029814109030169606, "open_positions": [], "daily_trades": 0, "daily_pnl": 0.0, "trades": []}