{"ts": 1772352823.0050755, "mode": "LIVE", "balance": 198.91, "btc": 67265.98, "eth": 2009.12, "btc_mom": 0.009307204966055109, "eth_mom": 0.011449108711765741, "open_positions": [], "daily_trades": 0, "daily_pnl": 0.0, "trades": []}