{"ts": 1772354802.7759128, "mode": "LIVE", "balance": 198.91, "btc": 67057.88, "eth": 1999.44, "btc_mom": -0.013016909606726693, "eth_mom": -0.014001960274437057, "open_positions": [], "daily_trades": 0, "daily_pnl": 0.0, "trades": []}