{"ts": 1772357353.5739326, "mode": "LIVE", "balance": 198.91, "btc": 66636.05, "eth": 1990.44, "btc_mom": 0.03153942413006029, "eth_mom": 0.026131703787086003, "open_positions": [], "daily_trades": 0, "daily_pnl": 0.0, "trades": []}