{"ts": 1772381823.4634762, "mode": "LIVE", "balance": 198.43, "btc": 66953.0, "eth": 1998.9, "btc_mom": 0.01599885513328929, "eth_mom": 0.022016953053854194, "open_positions": [], "daily_trades": 0, "daily_pnl": 0.0, "trades": []}