{"ts": 1772351502.8292408, "mode": "LIVE", "balance": 198.91, "btc": 67155.78, "eth": 2006.37, "btc_mom": 0.01714219247598456, "eth_mom": 0.013957499414282148, "open_positions": [], "daily_trades": 0, "daily_pnl": 0.0, "trades": []}