{"ts": 1772371693.6624646, "mode": "LIVE", "balance": 198.91, "btc": 66341.7, "eth": 1976.66, "btc_mom": -0.014709548214928973, "eth_mom": -0.046521506083184776, "open_positions": [], "daily_trades": 0, "daily_pnl": 0.0, "trades": []}