{"ts": 1772381204.2409577, "mode": "LIVE", "balance": 198.43, "btc": 66924.59, "eth": 2002.31, "btc_mom": 0.03630775945697343, "eth_mom": 0.07847096574267202, "open_positions": [], "daily_trades": 0, "daily_pnl": 0.0, "trades": []}