{"ts": 1772358702.936927, "mode": "LIVE", "balance": 198.91, "btc": 66364.0, "eth": 1980.36, "btc_mom": 0.0094638574079984, "eth_mom": 0.02575952723691143, "open_positions": [], "daily_trades": 0, "daily_pnl": 0.0, "trades": []}