{"ts": 1772367972.8794568, "mode": "LIVE", "balance": 198.91, "btc": 66473.67, "eth": 1983.43, "btc_mom": -0.013838151090644988, "eth_mom": -0.00857027626536829, "open_positions": [], "daily_trades": 0, "daily_pnl": 0.0, "trades": []}