{"ts": 1772347898.4983983, "mode": "LIVE", "balance": 198.39, "btc": 66873.47, "eth": 1997.3, "btc_mom": 0.012712186964265444, "eth_mom": 0.07315215648549164, "open_positions": [], "daily_trades": 0, "daily_pnl": 0.0, "trades": []}