{"ts": 1772372743.0558856, "mode": "LIVE", "balance": 198.91, "btc": 66367.95, "eth": 1978.44, "btc_mom": 0.009011185171259872, "eth_mom": 0.019210741837967966, "open_positions": [], "daily_trades": 0, "daily_pnl": 0.0, "trades": []}