{"ts": 1772374663.586993, "mode": "LIVE", "balance": 198.91, "btc": 67086.48, "eth": 2018.7, "btc_mom": -0.008480870420501123, "eth_mom": 0.040636707831978924, "open_positions": [], "daily_trades": 0, "daily_pnl": 0.0, "trades": []}