{"ts": 1772348292.7935417, "mode": "LIVE", "balance": 198.91, "btc": 66939.99, "eth": 1999.31, "btc_mom": 0.0134765714586298, "eth_mom": 0.024514463533485208, "open_positions": [], "daily_trades": 0, "daily_pnl": 0.0, "trades": []}