{"ts": 1772360653.3110456, "mode": "LIVE", "balance": 198.91, "btc": 66491.05, "eth": 1980.54, "btc_mom": -0.0028273682630470713, "eth_mom": 0.008584254457504041, "open_positions": [], "daily_trades": 0, "daily_pnl": 0.0, "trades": []}