{"ts": 1772365092.9041617, "mode": "LIVE", "balance": 198.91, "btc": 66450.33, "eth": 1985.13, "btc_mom": -0.03416422657966576, "eth_mom": -0.021152829190896495, "open_positions": [], "daily_trades": 0, "daily_pnl": 0.0, "trades": []}