{"ts": 1772361702.8242807, "mode": "LIVE", "balance": 198.91, "btc": 66504.42, "eth": 1983.26, "btc_mom": 0.0, "eth_mom": 0.00655529390407496, "open_positions": [], "daily_trades": 0, "daily_pnl": 0.0, "trades": []}