{"ts": 1772363173.0452774, "mode": "LIVE", "balance": 198.91, "btc": 66536.64, "eth": 1987.4, "btc_mom": 0.07035659271954978, "eth_mom": 0.039766234942952616, "open_positions": [], "daily_trades": 0, "daily_pnl": 0.0, "trades": []}