{"ts": 1772361522.7993364, "mode": "LIVE", "balance": 198.91, "btc": 66620.02, "eth": 1988.28, "btc_mom": -0.06822119387088664, "eth_mom": -0.0924567362772053, "open_positions": [], "daily_trades": 0, "daily_pnl": 0.0, "trades": []}