{"ts": 1772381294.2483, "mode": "LIVE", "balance": 198.43, "btc": 66904.72, "eth": 2000.61, "btc_mom": -0.001943023961076911, "eth_mom": -0.03547658545360244, "open_positions": [], "daily_trades": 0, "daily_pnl": 0.0, "trades": []}