{"ts": 1772370583.3067818, "mode": "LIVE", "balance": 198.91, "btc": 66332.57, "eth": 1978.66, "btc_mom": -0.014184080728354719, "eth_mom": 0.000505395092613191, "open_positions": [], "daily_trades": 0, "daily_pnl": 0.0, "trades": []}