{"ts": 1772372383.014283, "mode": "LIVE", "balance": 198.91, "btc": 66357.61, "eth": 1978.29, "btc_mom": 0.01900670736302748, "eth_mom": 0.02831529076263926, "open_positions": [], "daily_trades": 0, "daily_pnl": 0.0, "trades": []}