{"ts": 1772350902.659688, "mode": "LIVE", "balance": 198.91, "btc": 67210.0, "eth": 2008.26, "btc_mom": -0.007572704284107196, "eth_mom": 0.011454012141253776, "open_positions": [], "daily_trades": 0, "daily_pnl": 0.0, "trades": []}