{"ts": 1772368062.8852048, "mode": "LIVE", "balance": 198.91, "btc": 66460.02, "eth": 1982.52, "btc_mom": -0.005928024752064619, "eth_mom": -0.009582843683647865, "open_positions": [], "daily_trades": 0, "daily_pnl": 0.0, "trades": []}