{"ts": 1772363353.0601318, "mode": "LIVE", "balance": 198.91, "btc": 66504.28, "eth": 1986.49, "btc_mom": -1.5036623945254226e-05, "eth_mom": 0.0005034030043086718, "open_positions": [], "daily_trades": 0, "daily_pnl": 0.0, "trades": []}