{"ts": 1772351052.6710231, "mode": "LIVE", "balance": 198.91, "btc": 67106.36, "eth": 2005.45, "btc_mom": 0.021150009009996737, "eth_mom": 0.025437170189631157, "open_positions": [], "daily_trades": 0, "daily_pnl": 0.0, "trades": []}