{"ts": 1772359783.0746768, "mode": "LIVE", "balance": 198.91, "btc": 66372.66, "eth": 1976.06, "btc_mom": 0.008543403881957361, "eth_mom": 0.03847516832886098, "open_positions": [], "daily_trades": 0, "daily_pnl": 0.0, "trades": []}