{"ts": 1772372623.1206384, "mode": "LIVE", "balance": 198.91, "btc": 66368.53, "eth": 1978.34, "btc_mom": 0.011904648885934595, "eth_mom": 0.0055605263290871105, "open_positions": [], "daily_trades": 0, "daily_pnl": 0.0, "trades": []}