{"ts": 1772370283.4203725, "mode": "LIVE", "balance": 198.91, "btc": 66254.36, "eth": 1976.03, "btc_mom": -0.0688536849391036, "eth_mom": -0.10969568294409426, "open_positions": [], "daily_trades": 0, "daily_pnl": 0.0, "trades": []}