{"ts": 1772371273.5656521, "mode": "LIVE", "balance": 198.91, "btc": 66211.74, "eth": 1971.56, "btc_mom": 0.04528437362736167, "eth_mom": 0.05582452828273139, "open_positions": [], "daily_trades": 0, "daily_pnl": 0.0, "trades": []}