{"ts": 1772367433.3849738, "mode": "LIVE", "balance": 198.91, "btc": 66494.99, "eth": 1985.0, "btc_mom": 0.007173987392437677, "eth_mom": -0.0025188282410999485, "open_positions": [], "daily_trades": 0, "daily_pnl": 0.0, "trades": []}