{"ts": 1772364972.8956153, "mode": "LIVE", "balance": 198.91, "btc": 66477.04, "eth": 1984.93, "btc_mom": 0.0020609043880194713, "eth_mom": 0.018139949712034715, "open_positions": [], "daily_trades": 0, "daily_pnl": 0.0, "trades": []}