{"ts": 1772362392.9530628, "mode": "LIVE", "balance": 198.91, "btc": 66490.28, "eth": 1983.64, "btc_mom": -0.009368912744437153, "eth_mom": 0.018151748618456663, "open_positions": [], "daily_trades": 0, "daily_pnl": 0.0, "trades": []}