{"ts": 1772370103.4062734, "mode": "LIVE", "balance": 198.91, "btc": 66322.98, "eth": 1979.55, "btc_mom": 0.004960819328307471, "eth_mom": 0.009599062323177926, "open_positions": [], "daily_trades": 0, "daily_pnl": 0.0, "trades": []}