{"ts": 1772359062.9402947, "mode": "LIVE", "balance": 198.91, "btc": 66444.24, "eth": 1981.44, "btc_mom": 0.04071234559723709, "eth_mom": 0.059082852338321175, "open_positions": [], "daily_trades": 0, "daily_pnl": 0.0, "trades": []}