{"ts": 1772354292.7513382, "mode": "LIVE", "balance": 198.91, "btc": 67197.25, "eth": 2004.4, "btc_mom": 0.021880681813948845, "eth_mom": 0.0199600798403239, "open_positions": [], "daily_trades": 0, "daily_pnl": 0.0, "trades": []}