{"ts": 1772373193.2131913, "mode": "LIVE", "balance": 198.91, "btc": 67088.81, "eth": 2010.73, "btc_mom": 0.11117028586879431, "eth_mom": 0.06618891211306495, "open_positions": [], "daily_trades": 0, "daily_pnl": 0.0, "trades": []}