{"ts": 1772340996.6039114, "mode": "PAPER", "balance": 199.95, "btc": 67322.24, "eth": 2016.23, "btc_mom": -0.00839176751268186, "eth_mom": 0.04813274713932829, "open_positions": [], "daily_trades": 0, "daily_pnl": 0.0, "trades": []}