{"ts": 1772342385.3857841, "mode": "LIVE", "balance": 199.95, "btc": 67415.76, "eth": 2015.9, "btc_mom": 0.02186910524498099, "eth_mom": 0.004960809604134162, "open_positions": [], "daily_trades": 0, "daily_pnl": 0.0, "trades": []}