{"ts": 1772358972.9334364, "mode": "LIVE", "balance": 198.91, "btc": 66408.55, "eth": 1979.91, "btc_mom": 0.03228035799716507, "eth_mom": 0.02424940513178128, "open_positions": [], "daily_trades": 0, "daily_pnl": 0.0, "trades": []}