{"ts": 1772356663.228533, "mode": "LIVE", "balance": 198.91, "btc": 66722.96, "eth": 1992.6, "btc_mom": 0.012740866073112186, "eth_mom": -0.031606989660004574, "open_positions": [], "daily_trades": 0, "daily_pnl": 0.0, "trades": []}