{"ts": 1772343951.037409, "mode": "LIVE", "balance": 199.95, "btc": 67430.01, "eth": 2015.28, "btc_mom": 0.03777193082661608, "eth_mom": -0.005954153021738524, "open_positions": [], "daily_trades": 0, "daily_pnl": 0.0, "trades": []}