{"ts": 1772344613.334473, "mode": "LIVE", "balance": 199.95, "btc": 67333.0, "eth": 2011.59, "btc_mom": 0.021019372731403134, "eth_mom": 0.06367177201525998, "open_positions": [], "daily_trades": 0, "daily_pnl": 0.0, "trades": []}