{"ts": 1772346715.6441891, "mode": "LIVE", "balance": 199.95, "btc": 67088.0, "eth": 2001.6, "btc_mom": 0.04038119369671896, "eth_mom": 0.02548611007001139, "open_positions": [], "daily_trades": 0, "daily_pnl": 0.0, "trades": []}