{"ts": 1772364402.8701632, "mode": "LIVE", "balance": 198.91, "btc": 66592.76, "eth": 1989.13, "btc_mom": -0.011096071104944085, "eth_mom": -0.0025135985682519695, "open_positions": [], "daily_trades": 0, "daily_pnl": 0.0, "trades": []}