{"ts": 1772379853.760278, "mode": "LIVE", "balance": 198.91, "btc": 67168.85, "eth": 2012.72, "btc_mom": -0.018993292956204475, "eth_mom": -0.020862930546314353, "open_positions": [], "daily_trades": 0, "daily_pnl": 0.0, "trades": []}