{"ts": 1772348653.0572994, "mode": "LIVE", "balance": 198.91, "btc": 66850.76, "eth": 1995.4, "btc_mom": -0.04673901894710912, "eth_mom": -0.03957539112008194, "open_positions": [], "daily_trades": 0, "daily_pnl": 0.0, "trades": []}