{"ts": 1772369533.1354578, "mode": "LIVE", "balance": 198.91, "btc": 66359.43, "eth": 1979.1, "btc_mom": 0.02646895542739099, "eth_mom": 0.03689906337035126, "open_positions": [], "daily_trades": 0, "daily_pnl": 0.0, "trades": []}