{"ts": 1772368453.0152025, "mode": "LIVE", "balance": 198.91, "btc": 66285.98, "eth": 1976.42, "btc_mom": -0.10552173126771366, "eth_mom": -0.14146987196976357, "open_positions": [], "daily_trades": 0, "daily_pnl": 0.0, "trades": []}