{"ts": 1772358102.7926886, "mode": "LIVE", "balance": 198.91, "btc": 66357.05, "eth": 1982.08, "btc_mom": -0.025522045608531784, "eth_mom": -0.008576113002904416, "open_positions": [], "daily_trades": 0, "daily_pnl": 0.0, "trades": []}