{"ts": 1772354262.749443, "mode": "LIVE", "balance": 198.91, "btc": 67168.84, "eth": 2003.22, "btc_mom": 0.02534555280853076, "eth_mom": 0.00948562927165617, "open_positions": [], "daily_trades": 0, "daily_pnl": 0.0, "trades": []}