{"ts": 1772354382.7591846, "mode": "LIVE", "balance": 198.91, "btc": 67227.79, "eth": 2005.2, "btc_mom": 0.01840351514577361, "eth_mom": 0.004987282429810804, "open_positions": [], "daily_trades": 0, "daily_pnl": 0.0, "trades": []}