{"ts": 1772363923.2408867, "mode": "LIVE", "balance": 198.91, "btc": 66597.99, "eth": 1987.2, "btc_mom": 0.004549893865840351, "eth_mom": 0.009562105877678249, "open_positions": [], "daily_trades": 0, "daily_pnl": 0.0, "trades": []}