{"ts": 1772362482.958578, "mode": "LIVE", "balance": 198.91, "btc": 66473.71, "eth": 1983.57, "btc_mom": 0.005280561815684794, "eth_mom": -0.0020165254258631294, "open_positions": [], "daily_trades": 0, "daily_pnl": 0.0, "trades": []}