{"ts": 1772364283.3386767, "mode": "LIVE", "balance": 198.91, "btc": 66549.99, "eth": 1986.84, "btc_mom": 0.008926417914152095, "eth_mom": 0.0, "open_positions": [], "daily_trades": 0, "daily_pnl": 0.0, "trades": []}