{"ts": 1772361372.7878845, "mode": "LIVE", "balance": 198.91, "btc": 66697.99, "eth": 1991.52, "btc_mom": -0.04003015375114741, "eth_mom": -0.046676202665063796, "open_positions": [], "daily_trades": 0, "daily_pnl": 0.0, "trades": []}