{"ts": 1772359933.194461, "mode": "LIVE", "balance": 198.91, "btc": 66396.56, "eth": 1976.59, "btc_mom": -0.038180167029198464, "eth_mom": -0.02731231633732688, "open_positions": [], "daily_trades": 0, "daily_pnl": 0.0, "trades": []}