{"ts": 1772372293.007071, "mode": "LIVE", "balance": 198.91, "btc": 66291.27, "eth": 1975.68, "btc_mom": 0.0213950250380751, "eth_mom": 0.04506808318859727, "open_positions": [], "daily_trades": 0, "daily_pnl": 0.0, "trades": []}