{"ts": 1772380693.9980793, "mode": "LIVE", "balance": 198.73, "btc": 66925.9, "eth": 1999.54, "btc_mom": 0.006171384887145251, "eth_mom": 0.04352894674958301, "open_positions": [], "daily_trades": 0, "daily_pnl": 0.0, "trades": []}