{"ts": 1772379022.154159, "mode": "LIVE", "balance": 198.91, "btc": 67125.0, "eth": 2010.78, "btc_mom": -0.010278273071362764, "eth_mom": 0.013429428353998829, "open_positions": [], "daily_trades": 0, "daily_pnl": 0.0, "trades": []}