{"ts": 1772375202.81541, "mode": "LIVE", "balance": 198.91, "btc": 66904.01, "eth": 2007.6, "btc_mom": 0.0059790723499144474, "eth_mom": 0.00498132004980867, "open_positions": [], "daily_trades": 0, "daily_pnl": 0.0, "trades": []}