{"ts": 1772368993.017716, "mode": "LIVE", "balance": 198.91, "btc": 66510.88, "eth": 1985.51, "btc_mom": 0.00566856686451129, "eth_mom": 0.04081221343275787, "open_positions": [], "daily_trades": 0, "daily_pnl": 0.0, "trades": []}