{"ts": 1772347193.118249, "mode": "LIVE", "balance": 199.95, "btc": 66907.91, "eth": 1995.52, "btc_mom": 0.01751968236158317, "eth_mom": -0.09912390488110229, "open_positions": [], "daily_trades": 0, "daily_pnl": 0.0, "trades": []}