{"ts": 1772353962.7898562, "mode": "LIVE", "balance": 198.91, "btc": 67202.92, "eth": 2004.98, "btc_mom": -0.028264589883776007, "eth_mom": -0.06579275282858678, "open_positions": [], "daily_trades": 0, "daily_pnl": 0.0, "trades": []}