{"ts": 1772353063.1029627, "mode": "LIVE", "balance": 198.91, "btc": 67254.06, "eth": 2007.86, "btc_mom": 0.0777806662590447, "eth_mom": 0.055811913850318966, "open_positions": [], "daily_trades": 0, "daily_pnl": 0.0, "trades": []}