{"ts": 1772378542.070914, "mode": "LIVE", "balance": 198.91, "btc": 67095.55, "eth": 2009.56, "btc_mom": -0.012577493529076776, "eth_mom": -0.029848370278989556, "open_positions": [], "daily_trades": 0, "daily_pnl": 0.0, "trades": []}