{"ts": 1772382133.4553146, "mode": "LIVE", "balance": 198.43, "btc": 66828.92, "eth": 1995.91, "btc_mom": -0.011430869571981889, "eth_mom": 0.007515933779617336, "open_positions": [], "daily_trades": 0, "daily_pnl": 0.0, "trades": []}