{"ts": 1772348742.8897235, "mode": "LIVE", "balance": 198.91, "btc": 66808.16, "eth": 1993.95, "btc_mom": -0.037541193941633105, "eth_mom": -0.05263157894736614, "open_positions": [], "daily_trades": 0, "daily_pnl": 0.0, "trades": []}