{"ts": 1772358132.7958498, "mode": "LIVE", "balance": 198.91, "btc": 66342.01, "eth": 1981.88, "btc_mom": -0.004868472855039001, "eth_mom": 0.012615876828671345, "open_positions": [], "daily_trades": 0, "daily_pnl": 0.0, "trades": []}