{"ts": 1772368242.9354281, "mode": "LIVE", "balance": 198.91, "btc": 66446.32, "eth": 1983.0, "btc_mom": -0.01754492086576953, "eth_mom": -0.030752012744435647, "open_positions": [], "daily_trades": 0, "daily_pnl": 0.0, "trades": []}