{"ts": 1772349132.962246, "mode": "LIVE", "balance": 198.91, "btc": 67009.99, "eth": 2002.83, "btc_mom": -0.049415957968528476, "eth_mom": -0.0723451813119946, "open_positions": [], "daily_trades": 0, "daily_pnl": 0.0, "trades": []}