{"ts": 1772363773.1912558, "mode": "LIVE", "balance": 198.91, "btc": 66600.84, "eth": 1987.72, "btc_mom": 0.08630456419349868, "eth_mom": 0.04429143765980699, "open_positions": [], "daily_trades": 0, "daily_pnl": 0.0, "trades": []}