{"ts": 1772342626.2974238, "mode": "LIVE", "balance": 199.95, "btc": 67497.01, "eth": 2021.05, "btc_mom": -0.00610360152490765, "eth_mom": 0.004948167940815411, "open_positions": [], "daily_trades": 0, "daily_pnl": 0.0, "trades": []}