{"ts": 1772367283.3381941, "mode": "LIVE", "balance": 198.91, "btc": 66509.01, "eth": 1984.99, "btc_mom": 0.015639424643604096, "eth_mom": 0.015115710765910772, "open_positions": [], "daily_trades": 0, "daily_pnl": 0.0, "trades": []}