{"ts": 1772381473.3304346, "mode": "LIVE", "balance": 198.43, "btc": 66999.13, "eth": 2002.68, "btc_mom": -0.005746013087763065, "eth_mom": 0.017979144192742786, "open_positions": [], "daily_trades": 0, "daily_pnl": 0.0, "trades": []}