{"ts": 1772375833.0683365, "mode": "LIVE", "balance": 198.91, "btc": 66933.12, "eth": 2006.15, "btc_mom": -0.029707402251219803, "eth_mom": -0.016945013431410978, "open_positions": [], "daily_trades": 0, "daily_pnl": 0.0, "trades": []}