{"ts": 1772352103.0635934, "mode": "LIVE", "balance": 198.91, "btc": 67135.0, "eth": 2007.45, "btc_mom": -0.027027771593728937, "eth_mom": 0.002490784098832048, "open_positions": [], "daily_trades": 0, "daily_pnl": 0.0, "trades": []}