{"ts": 1772362543.0268698, "mode": "LIVE", "balance": 198.91, "btc": 66489.2, "eth": 1984.43, "btc_mom": 0.006873769170396876, "eth_mom": 0.027219251067345646, "open_positions": [], "daily_trades": 0, "daily_pnl": 0.0, "trades": []}