{"ts": 1772353842.7813525, "mode": "LIVE", "balance": 198.91, "btc": 67239.43, "eth": 2007.09, "btc_mom": -0.017501546440813066, "eth_mom": -0.009963682377735428, "open_positions": [], "daily_trades": 0, "daily_pnl": 0.0, "trades": []}