{"ts": 1772372893.066428, "mode": "LIVE", "balance": 198.91, "btc": 66369.46, "eth": 1977.8, "btc_mom": 0.01146743196580653, "eth_mom": 0.023769426448798498, "open_positions": [], "daily_trades": 0, "daily_pnl": 0.0, "trades": []}