{"ts": 1772374783.5968688, "mode": "LIVE", "balance": 198.91, "btc": 67015.49, "eth": 2015.46, "btc_mom": -0.012711862510150503, "eth_mom": 0.013398240364431236, "open_positions": [], "daily_trades": 0, "daily_pnl": 0.0, "trades": []}