{"ts": 1772372923.0690706, "mode": "LIVE", "balance": 198.91, "btc": 66354.78, "eth": 1976.64, "btc_mom": -0.01583659168820744, "eth_mom": -0.03792878491344651, "open_positions": [], "daily_trades": 0, "daily_pnl": 0.0, "trades": []}