{"ts": 1772370253.4176533, "mode": "LIVE", "balance": 198.91, "btc": 66311.81, "eth": 1978.61, "btc_mom": -0.03758098453437351, "eth_mom": -0.02778956729118322, "open_positions": [], "daily_trades": 0, "daily_pnl": 0.0, "trades": []}