{"ts": 1772355853.160033, "mode": "LIVE", "balance": 198.91, "btc": 66683.2, "eth": 1989.44, "btc_mom": 0.01175846669593761, "eth_mom": 0.032180209171364646, "open_positions": [], "daily_trades": 0, "daily_pnl": 0.0, "trades": []}