{"ts": 1772353453.31385, "mode": "LIVE", "balance": 198.91, "btc": 67279.6, "eth": 2008.7, "btc_mom": 0.024575149483957295, "eth_mom": 0.06027427284818537, "open_positions": [], "daily_trades": 0, "daily_pnl": 0.0, "trades": []}