{"ts": 1772370823.4421892, "mode": "LIVE", "balance": 198.91, "btc": 66365.12, "eth": 1979.8, "btc_mom": -1.5068154028046394e-05, "eth_mom": -0.014645798928329703, "open_positions": [], "daily_trades": 0, "daily_pnl": 0.0, "trades": []}