{"ts": 1772352163.0682445, "mode": "LIVE", "balance": 198.91, "btc": 67126.25, "eth": 2006.83, "btc_mom": -0.005615967342187704, "eth_mom": -0.00896856517905061, "open_positions": [], "daily_trades": 0, "daily_pnl": 0.0, "trades": []}