{"ts": 1772365392.8225648, "mode": "LIVE", "balance": 198.91, "btc": 66495.77, "eth": 1986.34, "btc_mom": -0.006390975521511121, "eth_mom": 0.006041626808706531, "open_positions": [], "daily_trades": 0, "daily_pnl": 0.0, "trades": []}