{"ts": 1772379463.7796485, "mode": "LIVE", "balance": 198.91, "btc": 67111.1, "eth": 2011.59, "btc_mom": -0.028184111966595943, "eth_mom": -0.028824602295042398, "open_positions": [], "daily_trades": 0, "daily_pnl": 0.0, "trades": []}