{"ts": 1772363023.0570323, "mode": "LIVE", "balance": 198.91, "btc": 66458.34, "eth": 1984.78, "btc_mom": -0.003490786880550065, "eth_mom": -0.0010076582023368507, "open_positions": [], "daily_trades": 0, "daily_pnl": 0.0, "trades": []}