{"ts": 1772365993.0125604, "mode": "LIVE", "balance": 198.91, "btc": 66468.0, "eth": 1983.43, "btc_mom": 0.030881532301908324, "eth_mom": 0.032277750039091384, "open_positions": [], "daily_trades": 0, "daily_pnl": 0.0, "trades": []}