{"ts": 1772364193.3313339, "mode": "LIVE", "balance": 198.91, "btc": 66554.0, "eth": 1986.5, "btc_mom": -0.11879970873361476, "eth_mom": -0.12066971692896028, "open_positions": [], "daily_trades": 0, "daily_pnl": 0.0, "trades": []}