{"ts": 1772372863.0641437, "mode": "LIVE", "balance": 198.91, "btc": 66364.34, "eth": 1977.51, "btc_mom": -0.005514705882358203, "eth_mom": -0.005562241482180599, "open_positions": [], "daily_trades": 0, "daily_pnl": 0.0, "trades": []}