{"ts": 1772365062.9018378, "mode": "LIVE", "balance": 198.91, "btc": 66477.42, "eth": 1985.41, "btc_mom": -0.006242331521365592, "eth_mom": 0.0, "open_positions": [], "daily_trades": 0, "daily_pnl": 0.0, "trades": []}