{"ts": 1772361402.790074, "mode": "LIVE", "balance": 198.91, "btc": 66695.88, "eth": 1991.76, "btc_mom": 0.008801918008424194, "eth_mom": 0.04219154963534035, "open_positions": [], "daily_trades": 0, "daily_pnl": 0.0, "trades": []}