{"ts": 1772377333.4231415, "mode": "LIVE", "balance": 198.91, "btc": 66914.02, "eth": 2003.75, "btc_mom": 0.0011656885842007288, "eth_mom": 0.0444364558681136, "open_positions": [], "daily_trades": 0, "daily_pnl": 0.0, "trades": []}