{"ts": 1772365422.8257518, "mode": "LIVE", "balance": 198.91, "btc": 66493.79, "eth": 1985.94, "btc_mom": 0.008227008894173611, "eth_mom": -0.005035145314289191, "open_positions": [], "daily_trades": 0, "daily_pnl": 0.0, "trades": []}