{"ts": 1772372773.0574431, "mode": "LIVE", "balance": 198.91, "btc": 66382.16, "eth": 1979.05, "btc_mom": 0.02621873415952794, "eth_mom": 0.042462630357743524, "open_positions": [], "daily_trades": 0, "daily_pnl": 0.0, "trades": []}