{"ts": 1772367672.7682092, "mode": "LIVE", "balance": 198.91, "btc": 66527.8, "eth": 1985.67, "btc_mom": 0.002405067477183156, "eth_mom": 0.0025181051762261614, "open_positions": [], "daily_trades": 0, "daily_pnl": 0.0, "trades": []}