{"ts": 1772361762.8287795, "mode": "LIVE", "balance": 198.91, "btc": 66510.23, "eth": 1983.68, "btc_mom": 0.011668739521997847, "eth_mom": 0.013108670881608076, "open_positions": [], "daily_trades": 0, "daily_pnl": 0.0, "trades": []}