{"ts": 1772365452.8293881, "mode": "LIVE", "balance": 198.91, "btc": 66484.97, "eth": 1985.59, "btc_mom": -0.00502343945875073, "eth_mom": 0.0, "open_positions": [], "daily_trades": 0, "daily_pnl": 0.0, "trades": []}