{"ts": 1772359603.0596151, "mode": "LIVE", "balance": 198.91, "btc": 66279.91, "eth": 1974.12, "btc_mom": -0.06267954213324617, "eth_mom": -0.09615287294663469, "open_positions": [], "daily_trades": 0, "daily_pnl": 0.0, "trades": []}