{"ts": 1772365152.952995, "mode": "LIVE", "balance": 198.91, "btc": 66469.51, "eth": 1984.72, "btc_mom": 0.0, "eth_mom": -0.011083458442070152, "open_positions": [], "daily_trades": 0, "daily_pnl": 0.0, "trades": []}