{"ts": 1772359723.0686865, "mode": "LIVE", "balance": 198.91, "btc": 66402.04, "eth": 1977.37, "btc_mom": -0.02138031300779996, "eth_mom": -0.0646905718545574, "open_positions": [], "daily_trades": 0, "daily_pnl": 0.0, "trades": []}