{"ts": 1772375743.0622518, "mode": "LIVE", "balance": 198.91, "btc": 66995.61, "eth": 2008.18, "btc_mom": 0.0007612497033286931, "eth_mom": 0.012450633239206546, "open_positions": [], "daily_trades": 0, "daily_pnl": 0.0, "trades": []}