{"ts": 1772354742.772939, "mode": "LIVE", "balance": 198.91, "btc": 67132.95, "eth": 2001.79, "btc_mom": 0.0007001082039590436, "eth_mom": 0.019486359548309816, "open_positions": [], "daily_trades": 0, "daily_pnl": 0.0, "trades": []}