{"ts": 1772360683.31376, "mode": "LIVE", "balance": 198.91, "btc": 66536.73, "eth": 1981.0, "btc_mom": 0.0007364407727137673, "eth_mom": 0.005048210409405273, "open_positions": [], "daily_trades": 0, "daily_pnl": 0.0, "trades": []}