{"ts": 1772371842.9660127, "mode": "LIVE", "balance": 198.91, "btc": 66302.65, "eth": 1975.42, "btc_mom": 0.0, "eth_mom": -0.0075927453848693574, "open_positions": [], "daily_trades": 0, "daily_pnl": 0.0, "trades": []}