{"ts": 1772364582.889495, "mode": "LIVE", "balance": 198.91, "btc": 66559.52, "eth": 1987.51, "btc_mom": -0.008232554645828777, "eth_mom": -0.006540419794334444, "open_positions": [], "daily_trades": 0, "daily_pnl": 0.0, "trades": []}