{"ts": 1772362753.0425367, "mode": "LIVE", "balance": 198.91, "btc": 66457.09, "eth": 1983.3, "btc_mom": -0.01119394058756201, "eth_mom": -0.011091393078972094, "open_positions": [], "daily_trades": 0, "daily_pnl": 0.0, "trades": []}