{"ts": 1772340519.6415985, "mode": "PAPER", "balance": 199.95, "btc": 67407.26, "eth": 2016.28, "btc_mom": 0.0009197906912365658, "eth_mom": 0.0, "open_positions": [], "daily_trades": 0, "daily_pnl": 0.0, "trades": []}