{"ts": 1772370493.298066, "mode": "LIVE", "balance": 198.91, "btc": 66394.03, "eth": 1980.32, "btc_mom": 0.015169327048269541, "eth_mom": -0.009088613986370293, "open_positions": [], "daily_trades": 0, "daily_pnl": 0.0, "trades": []}