{"ts": 1772375502.9805725, "mode": "LIVE", "balance": 198.91, "btc": 66899.99, "eth": 2006.71, "btc_mom": 0.04758616842663256, "eth_mom": 0.0638267104810426, "open_positions": [], "daily_trades": 0, "daily_pnl": 0.0, "trades": []}