{"ts": 1772350153.3512788, "mode": "LIVE", "balance": 198.91, "btc": 66999.99, "eth": 2000.13, "btc_mom": 0.0059555794375861825, "eth_mom": 0.0009999450030352922, "open_positions": [], "daily_trades": 0, "daily_pnl": 0.0, "trades": []}