{"ts": 1772361822.8333797, "mode": "LIVE", "balance": 198.91, "btc": 66473.04, "eth": 1982.85, "btc_mom": -0.07059530968130848, "eth_mom": -0.04234532613463522, "open_positions": [], "daily_trades": 0, "daily_pnl": 0.0, "trades": []}