{"ts": 1772350033.3402503, "mode": "LIVE", "balance": 198.91, "btc": 66989.9, "eth": 1998.72, "btc_mom": -0.018014395696136973, "eth_mom": -0.022509341376673594, "open_positions": [], "daily_trades": 0, "daily_pnl": 0.0, "trades": []}