{"ts": 1772352522.9731271, "mode": "LIVE", "balance": 198.91, "btc": 67046.71, "eth": 2004.07, "btc_mom": 0.07195683485452123, "eth_mom": 0.0634112242859987, "open_positions": [], "daily_trades": 0, "daily_pnl": 0.0, "trades": []}