{"ts": 1772341206.6157374, "mode": "PAPER", "balance": 199.95, "btc": 67367.64, "eth": 2016.85, "btc_mom": 0.026191536748328755, "eth_mom": 0.06847038159833099, "open_positions": [], "daily_trades": 0, "daily_pnl": 0.0, "trades": []}