{"ts": 1772379703.7474434, "mode": "LIVE", "balance": 198.91, "btc": 67194.41, "eth": 2014.02, "btc_mom": -0.03787570550194734, "eth_mom": -0.06946442925048332, "open_positions": [], "daily_trades": 0, "daily_pnl": 0.0, "trades": []}