{"ts": 1772362242.938185, "mode": "LIVE", "balance": 198.91, "btc": 66450.33, "eth": 1981.36, "btc_mom": -0.0427053950497233, "eth_mom": -0.03985571223167727, "open_positions": [], "daily_trades": 0, "daily_pnl": 0.0, "trades": []}