{"ts": 1772378323.7073631, "mode": "LIVE", "balance": 198.91, "btc": 67154.64, "eth": 2010.15, "btc_mom": -0.0381510821555267, "eth_mom": 0.039316001114792325, "open_positions": [], "daily_trades": 0, "daily_pnl": 0.0, "trades": []}