{"ts": 1772342475.708726, "mode": "LIVE", "balance": 199.95, "btc": 67524.54, "eth": 2019.4, "btc_mom": 0.028694098540890042, "eth_mom": 0.043596298277951626, "open_positions": [], "daily_trades": 0, "daily_pnl": 0.0, "trades": []}