{"ts": 1772356183.0813985, "mode": "LIVE", "balance": 198.91, "btc": 66631.35, "eth": 1988.9, "btc_mom": 0.028733470935732974, "eth_mom": 0.043761915061649885, "open_positions": [], "daily_trades": 0, "daily_pnl": 0.0, "trades": []}