{"ts": 1772348563.0494957, "mode": "LIVE", "balance": 198.91, "btc": 66925.26, "eth": 1997.5, "btc_mom": 0.012493107122416882, "eth_mom": -0.01101255431191695, "open_positions": [], "daily_trades": 0, "daily_pnl": 0.0, "trades": []}