{"ts": 1772380844.194458, "mode": "LIVE", "balance": 198.43, "btc": 66853.61, "eth": 1992.61, "btc_mom": -0.05095107933911568, "eth_mom": -0.07622371660825568, "open_positions": [], "daily_trades": 0, "daily_pnl": 0.0, "trades": []}