{"ts": 1772338345.7883992, "mode": "PAPER", "balance": 199.95, "btc": 67381.84, "eth": 2020.5, "btc_mom": 0.04029414428391696, "eth_mom": 0.056949018248450785, "open_positions": [], "daily_trades": 0, "daily_pnl": 0.0, "trades": []}