{"ts": 1772381144.2368228, "mode": "LIVE", "balance": 198.43, "btc": 66961.52, "eth": 2004.2, "btc_mom": 0.012396715199064226, "eth_mom": 0.05791197379982836, "open_positions": [], "daily_trades": 0, "daily_pnl": 0.0, "trades": []}