{"ts": 1772359573.05728, "mode": "LIVE", "balance": 198.91, "btc": 66374.13, "eth": 1979.7, "btc_mom": -0.0034801504871271667, "eth_mom": -0.019191143792164043, "open_positions": [], "daily_trades": 0, "daily_pnl": 0.0, "trades": []}