{"ts": 1772354082.7986045, "mode": "LIVE", "balance": 198.91, "btc": 67148.96, "eth": 2002.9, "btc_mom": -0.008472979905319701, "eth_mom": -0.009984523987809801, "open_positions": [], "daily_trades": 0, "daily_pnl": 0.0, "trades": []}