{"ts": 1772352342.9562824, "mode": "LIVE", "balance": 198.91, "btc": 66939.0, "eth": 1999.79, "btc_mom": 0.00779875273740877, "eth_mom": 0.012002700607637173, "open_positions": [], "daily_trades": 0, "daily_pnl": 0.0, "trades": []}