{"ts": 1772353153.109352, "mode": "LIVE", "balance": 198.91, "btc": 67251.21, "eth": 2008.27, "btc_mom": -0.008430364298787355, "eth_mom": -0.004481268298508143, "open_positions": [], "daily_trades": 0, "daily_pnl": 0.0, "trades": []}