{"ts": 1772373553.2498934, "mode": "LIVE", "balance": 198.91, "btc": 66941.65, "eth": 2006.55, "btc_mom": -0.05510718653850351, "eth_mom": -0.09808216995598885, "open_positions": [], "daily_trades": 0, "daily_pnl": 0.0, "trades": []}