{"ts": 1772377843.5555985, "mode": "LIVE", "balance": 198.91, "btc": 66962.02, "eth": 2003.63, "btc_mom": 0.0007317634468705221, "eth_mom": 0.010981276922847907, "open_positions": [], "daily_trades": 0, "daily_pnl": 0.0, "trades": []}