{"ts": 1772357952.8906398, "mode": "LIVE", "balance": 198.91, "btc": 66322.52, "eth": 1978.39, "btc_mom": 0.004282288454967002, "eth_mom": -0.017688023691839708, "open_positions": [], "daily_trades": 0, "daily_pnl": 0.0, "trades": []}