{"ts": 1772343830.478931, "mode": "LIVE", "balance": 199.95, "btc": 67464.21, "eth": 2016.85, "btc_mom": 0.009220553414059867, "eth_mom": -0.01189832878057048, "open_positions": [], "daily_trades": 0, "daily_pnl": 0.0, "trades": []}