{"ts": 1772370673.4306185, "mode": "LIVE", "balance": 198.91, "btc": 66360.97, "eth": 1980.3, "btc_mom": 0.03614876104567893, "eth_mom": 0.03788739865120861, "open_positions": [], "daily_trades": 0, "daily_pnl": 0.0, "trades": []}