{"ts": 1772364372.8674471, "mode": "LIVE", "balance": 198.91, "btc": 66586.64, "eth": 1988.87, "btc_mom": 0.007704841779654227, "eth_mom": 0.012571532017177742, "open_positions": [], "daily_trades": 0, "daily_pnl": 0.0, "trades": []}