{"ts": 1772376373.165461, "mode": "LIVE", "balance": 198.91, "btc": 66862.12, "eth": 1999.89, "btc_mom": -0.012755969921032378, "eth_mom": -0.004500045000445912, "open_positions": [], "daily_trades": 0, "daily_pnl": 0.0, "trades": []}