{"ts": 1772355222.899417, "mode": "LIVE", "balance": 198.91, "btc": 66595.16, "eth": 1983.96, "btc_mom": -0.002883009285089157, "eth_mom": 0.02218278615794419, "open_positions": [], "daily_trades": 0, "daily_pnl": 0.0, "trades": []}