{"ts": 1772354142.7415152, "mode": "LIVE", "balance": 198.91, "btc": 67175.01, "eth": 2003.34, "btc_mom": -0.02464594888914223, "eth_mom": -0.05537678664971076, "open_positions": [], "daily_trades": 0, "daily_pnl": 0.0, "trades": []}