{"ts": 1772378842.1415498, "mode": "LIVE", "balance": 198.91, "btc": 67144.02, "eth": 2009.8, "btc_mom": 0.04478948939981737, "eth_mom": 0.05874680128645855, "open_positions": [], "daily_trades": 0, "daily_pnl": 0.0, "trades": []}