{"ts": 1772356273.1434035, "mode": "LIVE", "balance": 198.91, "btc": 66617.2, "eth": 1987.54, "btc_mom": -0.007204827234251313, "eth_mom": -0.0035218176604030135, "open_positions": [], "daily_trades": 0, "daily_pnl": 0.0, "trades": []}