{"ts": 1772353783.607651, "mode": "LIVE", "balance": 198.91, "btc": 67231.32, "eth": 2007.09, "btc_mom": 0.015352345249262857, "eth_mom": 0.009467337684978185, "open_positions": [], "daily_trades": 0, "daily_pnl": 0.0, "trades": []}