{"ts": 1772365362.8193808, "mode": "LIVE", "balance": 198.91, "btc": 66504.29, "eth": 1987.1, "btc_mom": -0.0113964620149783, "eth_mom": -0.009560758621039434, "open_positions": [], "daily_trades": 0, "daily_pnl": 0.0, "trades": []}