{"ts": 1772369773.3272467, "mode": "LIVE", "balance": 198.91, "btc": 66353.69, "eth": 1978.3, "btc_mom": 0.0, "eth_mom": -0.006065446164116731, "open_positions": [], "daily_trades": 0, "daily_pnl": 0.0, "trades": []}