{"ts": 1772352552.9755561, "mode": "LIVE", "balance": 198.91, "btc": 67105.73, "eth": 2005.64, "btc_mom": -0.009625673070728884, "eth_mom": -0.020936562216476346, "open_positions": [], "daily_trades": 0, "daily_pnl": 0.0, "trades": []}