{"ts": 1772362723.0401802, "mode": "LIVE", "balance": 198.91, "btc": 66464.53, "eth": 1983.52, "btc_mom": -0.013779887952667427, "eth_mom": -0.01713830613046879, "open_positions": [], "daily_trades": 0, "daily_pnl": 0.0, "trades": []}