{"ts": 1772373343.2342145, "mode": "LIVE", "balance": 198.91, "btc": 66941.26, "eth": 2010.18, "btc_mom": -0.153257539338712, "eth_mom": -0.12768600173891126, "open_positions": [], "daily_trades": 0, "daily_pnl": 0.0, "trades": []}