{"ts": 1772356873.3617537, "mode": "LIVE", "balance": 198.91, "btc": 66677.52, "eth": 1991.7, "btc_mom": 0.004244489175730321, "eth_mom": 0.027119869824623014, "open_positions": [], "daily_trades": 0, "daily_pnl": 0.0, "trades": []}