{"ts": 1772371483.5844147, "mode": "LIVE", "balance": 198.91, "btc": 66225.97, "eth": 1973.24, "btc_mom": 0.011522487576711614, "eth_mom": 0.02179632098377764, "open_positions": [], "daily_trades": 0, "daily_pnl": 0.0, "trades": []}