{"ts": 1772348949.5957022, "mode": "LIVE", "balance": 198.91, "btc": 66833.72, "eth": 1996.74, "btc_mom": 0.021266243945827205, "eth_mom": 0.04810149415266394, "open_positions": [], "daily_trades": 0, "daily_pnl": 0.0, "trades": []}