{"ts": 1772369053.0224838, "mode": "LIVE", "balance": 198.91, "btc": 66495.77, "eth": 1984.33, "btc_mom": -0.02987267355466375, "eth_mom": -0.023679967754938903, "open_positions": [], "daily_trades": 0, "daily_pnl": 0.0, "trades": []}