{"ts": 1772353723.6032352, "mode": "LIVE", "balance": 198.91, "btc": 67214.29, "eth": 2006.38, "btc_mom": -0.051510113246410645, "eth_mom": -0.07868682643080177, "open_positions": [], "daily_trades": 0, "daily_pnl": 0.0, "trades": []}