{"ts": 1772381653.3410995, "mode": "LIVE", "balance": 198.43, "btc": 66981.41, "eth": 2000.17, "btc_mom": -0.04991430258900353, "eth_mom": -0.06495226008883244, "open_positions": [], "daily_trades": 0, "daily_pnl": 0.0, "trades": []}