{"ts": 1772342897.3452082, "mode": "LIVE", "balance": 199.95, "btc": 67478.01, "eth": 2020.18, "btc_mom": -0.0329628359950021, "eth_mom": -0.08704511508748979, "open_positions": [], "daily_trades": 0, "daily_pnl": 0.0, "trades": []}