{"ts": 1772358462.8084457, "mode": "LIVE", "balance": 198.91, "btc": 66308.33, "eth": 1979.01, "btc_mom": -0.06158326876334222, "eth_mom": -0.0545429753193, "open_positions": [], "daily_trades": 0, "daily_pnl": 0.0, "trades": []}