{"ts": 1772378023.5689805, "mode": "LIVE", "balance": 198.91, "btc": 67013.98, "eth": 2004.28, "btc_mom": 0.02319456990340909, "eth_mom": 0.023954486475697083, "open_positions": [], "daily_trades": 0, "daily_pnl": 0.0, "trades": []}