{"ts": 1772348202.7846441, "mode": "LIVE", "balance": 198.91, "btc": 66971.46, "eth": 2000.62, "btc_mom": 0.03607314468648364, "eth_mom": 0.07703543630069651, "open_positions": [], "daily_trades": 0, "daily_pnl": 0.0, "trades": []}