{"ts": 1772369383.0481298, "mode": "LIVE", "balance": 198.91, "btc": 66357.61, "eth": 1978.75, "btc_mom": -0.0004671635277261127, "eth_mom": 0.007581117962200089, "open_positions": [], "daily_trades": 0, "daily_pnl": 0.0, "trades": []}