{"ts": 1772363893.2010884, "mode": "LIVE", "balance": 198.91, "btc": 66605.97, "eth": 1987.63, "btc_mom": 0.0, "eth_mom": -0.01911459197890764, "open_positions": [], "daily_trades": 0, "daily_pnl": 0.0, "trades": []}