{"ts": 1772360833.3073027, "mode": "LIVE", "balance": 198.91, "btc": 66578.13, "eth": 1983.01, "btc_mom": -0.014822490538828835, "eth_mom": -0.01966320459816981, "open_positions": [], "daily_trades": 0, "daily_pnl": 0.0, "trades": []}