{"ts": 1772373253.218317, "mode": "LIVE", "balance": 198.91, "btc": 67120.57, "eth": 2012.4, "btc_mom": 1.4898564626566326e-05, "eth_mom": -0.008943743851167968, "open_positions": [], "daily_trades": 0, "daily_pnl": 0.0, "trades": []}