{"ts": 1772377363.4254086, "mode": "LIVE", "balance": 198.91, "btc": 66952.86, "eth": 2005.37, "btc_mom": 0.028685118967044516, "eth_mom": 0.04989098819080309, "open_positions": [], "daily_trades": 0, "daily_pnl": 0.0, "trades": []}