{"ts": 1772341146.6122344, "mode": "PAPER", "balance": 199.95, "btc": 67336.55, "eth": 2015.64, "btc_mom": 0.021330262726154008, "eth_mom": 0.030768925370473658, "open_positions": [], "daily_trades": 0, "daily_pnl": 0.0, "trades": []}