{"ts": 1772355162.8952022, "mode": "LIVE", "balance": 198.91, "btc": 66638.27, "eth": 1985.09, "btc_mom": -0.03759188147366426, "eth_mom": -0.042800890258524245, "open_positions": [], "daily_trades": 0, "daily_pnl": 0.0, "trades": []}