{"ts": 1772376883.2565606, "mode": "LIVE", "balance": 198.91, "btc": 66854.31, "eth": 2000.93, "btc_mom": 0.030807801810218718, "eth_mom": 0.065512447365008, "open_positions": [], "daily_trades": 0, "daily_pnl": 0.0, "trades": []}