{"ts": 1772354172.7434049, "mode": "LIVE", "balance": 198.91, "btc": 67166.01, "eth": 2003.77, "btc_mom": -0.004228150400090308, "eth_mom": 0.004491735207214632, "open_positions": [], "daily_trades": 0, "daily_pnl": 0.0, "trades": []}