{"ts": 1772378143.6923606, "mode": "LIVE", "balance": 198.91, "btc": 67133.77, "eth": 2008.62, "btc_mom": -0.030169447760610583, "eth_mom": 0.0, "open_positions": [], "daily_trades": 0, "daily_pnl": 0.0, "trades": []}