{"ts": 1772374273.4713538, "mode": "LIVE", "balance": 198.91, "btc": 67032.55, "eth": 2015.81, "btc_mom": 0.026650873114537395, "eth_mom": 0.008434045762132395, "open_positions": [], "daily_trades": 0, "daily_pnl": 0.0, "trades": []}