{"ts": 1772352402.9603171, "mode": "LIVE", "balance": 198.91, "btc": 66970.03, "eth": 2001.29, "btc_mom": 0.02967879389682615, "eth_mom": 0.03598974292326824, "open_positions": [], "daily_trades": 0, "daily_pnl": 0.0, "trades": []}