{"ts": 1772361193.623799, "mode": "LIVE", "balance": 198.91, "btc": 66552.56, "eth": 1984.15, "btc_mom": -0.01156846442606608, "eth_mom": -0.004535741644151824, "open_positions": [], "daily_trades": 0, "daily_pnl": 0.0, "trades": []}