{"ts": 1772372803.0595355, "mode": "LIVE", "balance": 198.91, "btc": 66404.88, "eth": 1979.73, "btc_mom": 0.03103144298620972, "eth_mom": 0.04598700235494294, "open_positions": [], "daily_trades": 0, "daily_pnl": 0.0, "trades": []}