{"ts": 1772344793.852602, "mode": "LIVE", "balance": 199.95, "btc": 67321.48, "eth": 2011.36, "btc_mom": 0.008155566010379832, "eth_mom": 0.033321894474028585, "open_positions": [], "daily_trades": 0, "daily_pnl": 0.0, "trades": []}