{"ts": 1772350063.3429487, "mode": "LIVE", "balance": 198.91, "btc": 66984.24, "eth": 1999.51, "btc_mom": 0.019934034025836926, "eth_mom": 0.030516784231322223, "open_positions": [], "daily_trades": 0, "daily_pnl": 0.0, "trades": []}