{"ts": 1772375622.989371, "mode": "LIVE", "balance": 198.91, "btc": 67000.8, "eth": 2009.2, "btc_mom": 0.016256179475385796, "eth_mom": -0.06963095593354539, "open_positions": [], "daily_trades": 0, "daily_pnl": 0.0, "trades": []}