{"ts": 1772351562.8338053, "mode": "LIVE", "balance": 198.91, "btc": 67137.61, "eth": 2006.4, "btc_mom": -0.004229938881846201, "eth_mom": -0.002990341197927964, "open_positions": [], "daily_trades": 0, "daily_pnl": 0.0, "trades": []}