{"ts": 1772382163.4569685, "mode": "LIVE", "balance": 198.43, "btc": 66860.0, "eth": 1997.33, "btc_mom": 0.0239512931528994, "eth_mom": 0.02103249520508412, "open_positions": [], "daily_trades": 0, "daily_pnl": 0.0, "trades": []}