{"ts": 1772355793.153765, "mode": "LIVE", "balance": 198.91, "btc": 66612.19, "eth": 1987.47, "btc_mom": 0.06396312070928724, "eth_mom": 0.09518629317378802, "open_positions": [], "daily_trades": 0, "daily_pnl": 0.0, "trades": []}