{"ts": 1772381743.4526129, "mode": "LIVE", "balance": 198.43, "btc": 66933.13, "eth": 1998.45, "btc_mom": -0.05505450201582103, "eth_mom": -0.07150429025741863, "open_positions": [], "daily_trades": 0, "daily_pnl": 0.0, "trades": []}