{"ts": 1772356843.3592281, "mode": "LIVE", "balance": 198.91, "btc": 66722.97, "eth": 1992.33, "btc_mom": -0.0369451319844667, "eth_mom": -0.044651368137992795, "open_positions": [], "daily_trades": 0, "daily_pnl": 0.0, "trades": []}