{"ts": 1772353303.3014112, "mode": "LIVE", "balance": 198.91, "btc": 67147.99, "eth": 2004.57, "btc_mom": 0.023923042284069926, "eth_mom": 0.00898028826724521, "open_positions": [], "daily_trades": 0, "daily_pnl": 0.0, "trades": []}