{"ts": 1772374963.6317794, "mode": "LIVE", "balance": 198.91, "btc": 66898.0, "eth": 2010.7, "btc_mom": -0.03976115811507991, "eth_mom": -0.05815485095954735, "open_positions": [], "daily_trades": 0, "daily_pnl": 0.0, "trades": []}