{"ts": 1772380663.996435, "mode": "LIVE", "balance": 198.73, "btc": 66971.17, "eth": 2000.2, "btc_mom": -0.04010565085186872, "eth_mom": -0.10986815821015009, "open_positions": [], "daily_trades": 0, "daily_pnl": 0.0, "trades": []}