{"ts": 1772373793.4012184, "mode": "LIVE", "balance": 198.91, "btc": 66904.92, "eth": 2005.2, "btc_mom": -0.09000198461320587, "eth_mom": -0.1543594084549076, "open_positions": [], "daily_trades": 0, "daily_pnl": 0.0, "trades": []}