{"ts": 1772348503.0398643, "mode": "LIVE", "balance": 198.91, "btc": 66916.89, "eth": 1997.55, "btc_mom": -0.015061192819578932, "eth_mom": -0.02652546444586667, "open_positions": [], "daily_trades": 0, "daily_pnl": 0.0, "trades": []}