{"ts": 1772340639.64755, "mode": "PAPER", "balance": 199.95, "btc": 67331.96, "eth": 2014.74, "btc_mom": -0.021738291168372892, "eth_mom": -0.07142219444692709, "open_positions": [], "daily_trades": 0, "daily_pnl": 0.0, "trades": []}