{"ts": 1772353393.3088005, "mode": "LIVE", "balance": 198.91, "btc": 67208.61, "eth": 2006.72, "btc_mom": -0.002083023049682896, "eth_mom": 0.003986763943703267, "open_positions": [], "daily_trades": 0, "daily_pnl": 0.0, "trades": []}