{"ts": 1772358642.9320002, "mode": "LIVE", "balance": 198.91, "btc": 66387.35, "eth": 1981.8, "btc_mom": 0.02208739769324325, "eth_mom": -0.009081827263648657, "open_positions": [], "daily_trades": 0, "daily_pnl": 0.0, "trades": []}