{"ts": 1772375773.064252, "mode": "LIVE", "balance": 198.91, "btc": 66992.76, "eth": 2008.24, "btc_mom": 0.033910680968570056, "eth_mom": 0.052810410625850464, "open_positions": [], "daily_trades": 0, "daily_pnl": 0.0, "trades": []}