{"ts": 1772382553.6436038, "mode": "LIVE", "balance": 198.43, "btc": 67043.89, "eth": 2006.2, "btc_mom": -0.024545055312127664, "eth_mom": -0.0473307924171111, "open_positions": [], "daily_trades": 0, "daily_pnl": 0.0, "trades": []}