{"ts": 1772369353.045369, "mode": "LIVE", "balance": 198.91, "btc": 66360.27, "eth": 1978.2, "btc_mom": -0.005786260073398872, "eth_mom": -0.010109179134656565, "open_positions": [], "daily_trades": 0, "daily_pnl": 0.0, "trades": []}