{"ts": 1772351322.738347, "mode": "LIVE", "balance": 198.91, "btc": 67109.13, "eth": 2004.78, "btc_mom": 0.01456049655317737, "eth_mom": 0.008979347500751455, "open_positions": [], "daily_trades": 0, "daily_pnl": 0.0, "trades": []}