{"ts": 1772368483.0174553, "mode": "LIVE", "balance": 198.91, "btc": 66293.99, "eth": 1977.01, "btc_mom": -0.01862566988313828, "eth_mom": -0.009609548856972213, "open_positions": [], "daily_trades": 0, "daily_pnl": 0.0, "trades": []}