{"ts": 1772338412.468961, "mode": "PAPER", "balance": 199.95, "btc": 67390.0, "eth": 2020.31, "btc_mom": 0.004407376315592428, "eth_mom": 0.00494998044757273, "open_positions": [], "daily_trades": 0, "daily_pnl": 0.0, "trades": []}