{"ts": 1772374153.387606, "mode": "LIVE", "balance": 198.91, "btc": 67092.18, "eth": 2017.91, "btc_mom": -0.004590488210347119, "eth_mom": 0.0009911343036529152, "open_positions": [], "daily_trades": 0, "daily_pnl": 0.0, "trades": []}