{"ts": 1772358372.8021781, "mode": "LIVE", "balance": 198.91, "btc": 66325.62, "eth": 1980.75, "btc_mom": 0.05180168492748444, "eth_mom": 0.0651692885938571, "open_positions": [], "daily_trades": 0, "daily_pnl": 0.0, "trades": []}