{"ts": 1772366983.168509, "mode": "LIVE", "balance": 198.91, "btc": 66535.79, "eth": 1987.25, "btc_mom": 0.0, "eth_mom": 0.008555267024985042, "open_positions": [], "daily_trades": 0, "daily_pnl": 0.0, "trades": []}