{"ts": 1772369893.3362036, "mode": "LIVE", "balance": 198.91, "btc": 66345.24, "eth": 1978.53, "btc_mom": 0.006753012778283634, "eth_mom": 0.012131689489407979, "open_positions": [], "daily_trades": 0, "daily_pnl": 0.0, "trades": []}