{"ts": 1772371063.4770107, "mode": "LIVE", "balance": 198.91, "btc": 66380.1, "eth": 1980.54, "btc_mom": 0.022557026558979336, "eth_mom": 0.022726239716378827, "open_positions": [], "daily_trades": 0, "daily_pnl": 0.0, "trades": []}