{"ts": 1772364073.3226302, "mode": "LIVE", "balance": 198.91, "btc": 66595.95, "eth": 1987.38, "btc_mom": -0.0015766475967429622, "eth_mom": -0.0005031725026286187, "open_positions": [], "daily_trades": 0, "daily_pnl": 0.0, "trades": []}