{"ts": 1772370703.4325335, "mode": "LIVE", "balance": 198.91, "btc": 66350.23, "eth": 1980.13, "btc_mom": -0.004506186738194829, "eth_mom": -0.0025250229777068005, "open_positions": [], "daily_trades": 0, "daily_pnl": 0.0, "trades": []}