{"ts": 1772359363.0964673, "mode": "LIVE", "balance": 198.91, "btc": 66434.0, "eth": 1981.17, "btc_mom": 0.018171709253264678, "eth_mom": 0.03130443563657157, "open_positions": [], "daily_trades": 0, "daily_pnl": 0.0, "trades": []}