{"ts": 1772382493.6400545, "mode": "LIVE", "balance": 198.43, "btc": 67058.09, "eth": 2006.6, "btc_mom": 0.0, "eth_mom": 0.01146348878821046, "open_positions": [], "daily_trades": 0, "daily_pnl": 0.0, "trades": []}