{"ts": 1772342957.621877, "mode": "LIVE", "balance": 199.95, "btc": 67459.76, "eth": 2019.89, "btc_mom": -0.02408263322031045, "eth_mom": -0.005940564650664643, "open_positions": [], "daily_trades": 0, "daily_pnl": 0.0, "trades": []}