{"ts": 1772365933.008451, "mode": "LIVE", "balance": 198.91, "btc": 66441.99, "eth": 1982.91, "btc_mom": 0.0, "eth_mom": 0.006052078132334651, "open_positions": [], "daily_trades": 0, "daily_pnl": 0.0, "trades": []}