{"ts": 1772380123.7684083, "mode": "LIVE", "balance": 198.91, "btc": 67183.05, "eth": 2010.18, "btc_mom": -0.0029173174194539095, "eth_mom": 0.01293583824231765, "open_positions": [], "daily_trades": 0, "daily_pnl": 0.0, "trades": []}