{"ts": 1772372833.0619438, "mode": "LIVE", "balance": 198.91, "btc": 66365.12, "eth": 1977.8, "btc_mom": -0.04956472353171245, "eth_mom": -0.09345086252621101, "open_positions": [], "daily_trades": 0, "daily_pnl": 0.0, "trades": []}