{"ts": 1772338561.449713, "mode": "PAPER", "balance": 199.95, "btc": 67276.0, "eth": 2012.95, "btc_mom": -0.08950599728794612, "eth_mom": -0.1418784508460569, "open_positions": [], "daily_trades": 0, "daily_pnl": 0.0, "trades": []}