{"ts": 1772364642.781352, "mode": "LIVE", "balance": 198.91, "btc": 66550.1, "eth": 1987.71, "btc_mom": 0.007663986775874703, "eth_mom": 0.029691211401432504, "open_positions": [], "daily_trades": 0, "daily_pnl": 0.0, "trades": []}