{"ts": 1772375682.9958417, "mode": "LIVE", "balance": 198.91, "btc": 66981.99, "eth": 2007.27, "btc_mom": 0.011063899168913776, "eth_mom": -0.010958958699671097, "open_positions": [], "daily_trades": 0, "daily_pnl": 0.0, "trades": []}