{"ts": 1772361342.7859025, "mode": "LIVE", "balance": 198.91, "btc": 66726.93, "eth": 1991.92, "btc_mom": 0.03539553953234416, "eth_mom": 0.0406808262727912, "open_positions": [], "daily_trades": 0, "daily_pnl": 0.0, "trades": []}