{"ts": 1772369653.1458209, "mode": "LIVE", "balance": 198.91, "btc": 66341.99, "eth": 1978.01, "btc_mom": 0.015332008076965553, "eth_mom": 0.022249528461700703, "open_positions": [], "daily_trades": 0, "daily_pnl": 0.0, "trades": []}