{"ts": 1772371153.4856305, "mode": "LIVE", "balance": 198.91, "btc": 66390.68, "eth": 1979.83, "btc_mom": 0.017098696235697573, "eth_mom": -0.010605846346540292, "open_positions": [], "daily_trades": 0, "daily_pnl": 0.0, "trades": []}