{"ts": 1772349673.1222591, "mode": "LIVE", "balance": 198.91, "btc": 67011.97, "eth": 2002.4, "btc_mom": 0.000313377831005189, "eth_mom": 0.017482080867118027, "open_positions": [], "daily_trades": 0, "daily_pnl": 0.0, "trades": []}