{"ts": 1772350273.4571946, "mode": "LIVE", "balance": 198.91, "btc": 66941.01, "eth": 1998.26, "btc_mom": -0.03416766857481646, "eth_mom": -0.03751857169298803, "open_positions": [], "daily_trades": 0, "daily_pnl": 0.0, "trades": []}