{"ts": 1772369473.1305203, "mode": "LIVE", "balance": 198.91, "btc": 66308.33, "eth": 1977.4, "btc_mom": -0.011550758723504681, "eth_mom": 0.0010114393793798767, "open_positions": [], "daily_trades": 0, "daily_pnl": 0.0, "trades": []}