{"ts": 1772373763.3993325, "mode": "LIVE", "balance": 198.91, "btc": 66961.52, "eth": 2007.46, "btc_mom": 0.0037784321418211884, "eth_mom": -0.02191344190448003, "open_positions": [], "daily_trades": 0, "daily_pnl": 0.0, "trades": []}