{"ts": 1772356003.060087, "mode": "LIVE", "balance": 198.91, "btc": 66549.6, "eth": 1987.6, "btc_mom": -0.004162135773661438, "eth_mom": 0.010566622555200992, "open_positions": [], "daily_trades": 0, "daily_pnl": 0.0, "trades": []}