{"ts": 1772361942.81273, "mode": "LIVE", "balance": 198.91, "btc": 66428.09, "eth": 1981.63, "btc_mom": 0.003116248723004077, "eth_mom": 0.00706539018617808, "open_positions": [], "daily_trades": 0, "daily_pnl": 0.0, "trades": []}