{"ts": 1772379052.158312, "mode": "LIVE", "balance": 198.91, "btc": 67142.44, "eth": 2011.51, "btc_mom": 0.006270644906793645, "eth_mom": 0.02038685296604256, "open_positions": [], "daily_trades": 0, "daily_pnl": 0.0, "trades": []}