{"ts": 1772358042.787417, "mode": "LIVE", "balance": 198.91, "btc": 66373.63, "eth": 1980.63, "btc_mom": 0.021368471257684575, "eth_mom": 0.021209871680280008, "open_positions": [], "daily_trades": 0, "daily_pnl": 0.0, "trades": []}