{"ts": 1772365873.003579, "mode": "LIVE", "balance": 198.91, "btc": 66450.33, "eth": 1983.2, "btc_mom": -0.03416422657966576, "eth_mom": -0.0569461732675453, "open_positions": [], "daily_trades": 0, "daily_pnl": 0.0, "trades": []}