{"ts": 1772348473.036305, "mode": "LIVE", "balance": 198.91, "btc": 66928.96, "eth": 1998.08, "btc_mom": -0.027409615113723418, "eth_mom": -0.060021607778802645, "open_positions": [], "daily_trades": 0, "daily_pnl": 0.0, "trades": []}