{"ts": 1772370073.403467, "mode": "LIVE", "balance": 198.91, "btc": 66329.97, "eth": 1979.7, "btc_mom": 0.0497156659101314, "eth_mom": 0.06014627168930431, "open_positions": [], "daily_trades": 0, "daily_pnl": 0.0, "trades": []}