{"ts": 1772359453.1030066, "mode": "LIVE", "balance": 198.91, "btc": 66356.59, "eth": 1979.19, "btc_mom": 0.06935542733739505, "eth_mom": 0.1229284283372824, "open_positions": [], "daily_trades": 0, "daily_pnl": 0.0, "trades": []}