{"ts": 1772379433.7771907, "mode": "LIVE", "balance": 198.91, "btc": 67139.18, "eth": 2012.78, "btc_mom": -0.036969204191354486, "eth_mom": -0.062064616713753025, "open_positions": [], "daily_trades": 0, "daily_pnl": 0.0, "trades": []}