{"ts": 1772375863.070562, "mode": "LIVE", "balance": 198.91, "btc": 66904.73, "eth": 2005.02, "btc_mom": 0.025041868509110308, "eth_mom": 0.027937698931380293, "open_positions": [], "daily_trades": 0, "daily_pnl": 0.0, "trades": []}