{"ts": 1772375142.8114686, "mode": "LIVE", "balance": 198.91, "btc": 66933.12, "eth": 2008.71, "btc_mom": 0.049491771376417706, "eth_mom": 0.039842423216177744, "open_positions": [], "daily_trades": 0, "daily_pnl": 0.0, "trades": []}