{"ts": 1772379553.7868044, "mode": "LIVE", "balance": 198.91, "btc": 67136.79, "eth": 2012.52, "btc_mom": 0.03099112446972526, "eth_mom": 0.04026425279985413, "open_positions": [], "daily_trades": 0, "daily_pnl": 0.0, "trades": []}