{"ts": 1772361642.820138, "mode": "LIVE", "balance": 198.91, "btc": 66461.7, "eth": 1982.44, "btc_mom": 0.004544176923171021, "eth_mom": 0.015639741086606096, "open_positions": [], "daily_trades": 0, "daily_pnl": 0.0, "trades": []}