{"ts": 1772357323.5718696, "mode": "LIVE", "balance": 198.91, "btc": 66620.73, "eth": 1990.31, "btc_mom": -0.038336723370010914, "eth_mom": -0.011052332795789427, "open_positions": [], "daily_trades": 0, "daily_pnl": 0.0, "trades": []}