{"ts": 1772359993.2084253, "mode": "LIVE", "balance": 198.91, "btc": 66511.97, "eth": 1984.0, "btc_mom": 0.06547467257022553, "eth_mom": 0.18684037772054968, "open_positions": [], "daily_trades": 0, "daily_pnl": 0.0, "trades": []}