{"ts": 1772347573.3444033, "mode": "LIVE", "balance": 199.95, "btc": 66886.87, "eth": 1994.12, "btc_mom": -0.009716957001867301, "eth_mom": -0.005014491881544485, "open_positions": [], "daily_trades": 0, "daily_pnl": 0.0, "trades": []}