{"ts": 1772382373.6322818, "mode": "LIVE", "balance": 198.43, "btc": 66995.61, "eth": 2004.93, "btc_mom": -0.008477448717767995, "eth_mom": 0.02195072063218348, "open_positions": [], "daily_trades": 0, "daily_pnl": 0.0, "trades": []}