{"ts": 1772349049.581062, "mode": "LIVE", "balance": 198.91, "btc": 66885.03, "eth": 1998.27, "btc_mom": -0.0015100310916818537, "eth_mom": 0.01301294788314327, "open_positions": [], "daily_trades": 0, "daily_pnl": 0.0, "trades": []}