{"ts": 1772372142.9957845, "mode": "LIVE", "balance": 198.91, "btc": 66317.37, "eth": 1975.01, "btc_mom": -0.03503133299498638, "eth_mom": -0.04706620646376224, "open_positions": [], "daily_trades": 0, "daily_pnl": 0.0, "trades": []}