{"ts": 1772365722.8882847, "mode": "LIVE", "balance": 198.91, "btc": 66430.46, "eth": 1983.98, "btc_mom": -0.06255261610744488, "eth_mom": -0.062461591158662975, "open_positions": [], "daily_trades": 0, "daily_pnl": 0.0, "trades": []}