{"ts": 1772343499.467762, "mode": "LIVE", "balance": 199.95, "btc": 67525.35, "eth": 2019.9, "btc_mom": 0.06420969615314086, "eth_mom": 0.10407374368124375, "open_positions": [], "daily_trades": 0, "daily_pnl": 0.0, "trades": []}