{"ts": 1772371603.6554384, "mode": "LIVE", "balance": 198.91, "btc": 66323.4, "eth": 1976.49, "btc_mom": 0.07417663333444327, "eth_mom": 0.1088971504401517, "open_positions": [], "daily_trades": 0, "daily_pnl": 0.0, "trades": []}