{"ts": 1772375472.9782596, "mode": "LIVE", "balance": 198.91, "btc": 66852.58, "eth": 2004.66, "btc_mom": -0.03549836474256543, "eth_mom": -0.010973225330195686, "open_positions": [], "daily_trades": 0, "daily_pnl": 0.0, "trades": []}