{"ts": 1772351892.7721882, "mode": "LIVE", "balance": 198.91, "btc": 67106.37, "eth": 2006.22, "btc_mom": -0.010087443382926315, "eth_mom": -0.0029906094862105705, "open_positions": [], "daily_trades": 0, "daily_pnl": 0.0, "trades": []}