{"ts": 1772378992.1514504, "mode": "LIVE", "balance": 198.91, "btc": 67073.33, "eth": 2008.71, "btc_mom": 0.003682672325956703, "eth_mom": 0.036354943774341286, "open_positions": [], "daily_trades": 0, "daily_pnl": 0.0, "trades": []}