{"ts": 1772349276.7173226, "mode": "LIVE", "balance": 198.91, "btc": 67047.54, "eth": 2004.07, "btc_mom": -0.021651586605010455, "eth_mom": -0.02594046662908534, "open_positions": [], "daily_trades": 0, "daily_pnl": 0.0, "trades": []}