{"ts": 1772380603.988752, "mode": "LIVE", "balance": 198.73, "btc": 67028.65, "eth": 2003.4, "btc_mom": -0.07775696208797045, "eth_mom": -0.045402158348751165, "open_positions": [], "daily_trades": 0, "daily_pnl": 0.0, "trades": []}