{"ts": 1772351982.779245, "mode": "LIVE", "balance": 198.91, "btc": 67137.6, "eth": 2007.19, "btc_mom": 0.028501841594429457, "eth_mom": -0.01693623507493876, "open_positions": [], "daily_trades": 0, "daily_pnl": 0.0, "trades": []}