{"ts": 1772342565.995616, "mode": "LIVE", "balance": 199.95, "btc": 67508.03, "eth": 2021.01, "btc_mom": -0.03129018634321033, "eth_mom": -0.0014843842774003837, "open_positions": [], "daily_trades": 0, "daily_pnl": 0.0, "trades": []}