{"ts": 1772372022.9804375, "mode": "LIVE", "balance": 198.91, "btc": 66308.84, "eth": 1975.4, "btc_mom": 0.009335976767146304, "eth_mom": 0.035448422545199046, "open_positions": [], "daily_trades": 0, "daily_pnl": 0.0, "trades": []}