{"ts": 1772375983.082606, "mode": "LIVE", "balance": 198.91, "btc": 66886.04, "eth": 2005.31, "btc_mom": -0.059662938019437846, "eth_mom": -0.08420528151470127, "open_positions": [], "daily_trades": 0, "daily_pnl": 0.0, "trades": []}