{"ts": 1772342927.4945989, "mode": "LIVE", "balance": 199.95, "btc": 67478.24, "eth": 2020.47, "btc_mom": -0.00023711291315286158, "eth_mom": 0.010889741368643846, "open_positions": [], "daily_trades": 0, "daily_pnl": 0.0, "trades": []}