{"ts": 1772346953.5269, "mode": "LIVE", "balance": 199.95, "btc": 66924.59, "eth": 1996.99, "btc_mom": 0.012717421582368186, "eth_mom": 0.023039974355508627, "open_positions": [], "daily_trades": 0, "daily_pnl": 0.0, "trades": []}