{"ts": 1772366202.8978243, "mode": "LIVE", "balance": 198.91, "btc": 66458.84, "eth": 1983.78, "btc_mom": -0.009689269344840386, "eth_mom": -0.01108870967742073, "open_positions": [], "daily_trades": 0, "daily_pnl": 0.0, "trades": []}