{"ts": 1772374843.6212049, "mode": "LIVE", "balance": 198.91, "btc": 66995.1, "eth": 2013.78, "btc_mom": -0.009238628092067745, "eth_mom": -0.04367982686905528, "open_positions": [], "daily_trades": 0, "daily_pnl": 0.0, "trades": []}