{"ts": 1772340609.6460779, "mode": "PAPER", "balance": 199.95, "btc": 67347.76, "eth": 2014.62, "btc_mom": -0.05618409387640952, "eth_mom": -0.13087058683561367, "open_positions": [], "daily_trades": 0, "daily_pnl": 0.0, "trades": []}