{"ts": 1772368542.9206862, "mode": "LIVE", "balance": 198.91, "btc": 66305.49, "eth": 1977.79, "btc_mom": -0.03423883054265282, "eth_mom": -0.06467684316370682, "open_positions": [], "daily_trades": 0, "daily_pnl": 0.0, "trades": []}