{"ts": 1772360953.3173122, "mode": "LIVE", "balance": 198.91, "btc": 66555.4, "eth": 1983.96, "btc_mom": -0.047846990550445515, "eth_mom": -0.04131440260381183, "open_positions": [], "daily_trades": 0, "daily_pnl": 0.0, "trades": []}