{"ts": 1772373223.215919, "mode": "LIVE", "balance": 198.91, "btc": 67279.36, "eth": 2020.11, "btc_mom": 0.053774954196117226, "eth_mom": 0.01039655428485613, "open_positions": [], "daily_trades": 0, "daily_pnl": 0.0, "trades": []}