{"ts": 1772376193.0781157, "mode": "LIVE", "balance": 198.91, "btc": 66796.8, "eth": 1996.81, "btc_mom": 0.03827995406405163, "eth_mom": 0.0796904601998736, "open_positions": [], "daily_trades": 0, "daily_pnl": 0.0, "trades": []}