{"ts": 1772366382.9111805, "mode": "LIVE", "balance": 198.91, "btc": 66462.78, "eth": 1983.18, "btc_mom": 0.0021215331552802666, "eth_mom": 0.001008491498415751, "open_positions": [], "daily_trades": 0, "daily_pnl": 0.0, "trades": []}