{"ts": 1772365002.8973422, "mode": "LIVE", "balance": 198.91, "btc": 66478.01, "eth": 1984.5, "btc_mom": 0.002993560685478292, "eth_mom": -0.023174270514269124, "open_positions": [], "daily_trades": 0, "daily_pnl": 0.0, "trades": []}