{"ts": 1772367043.3188474, "mode": "LIVE", "balance": 198.91, "btc": 66527.34, "eth": 1986.85, "btc_mom": 0.010041992968790471, "eth_mom": 0.0005033117915881956, "open_positions": [], "daily_trades": 0, "daily_pnl": 0.0, "trades": []}