{"ts": 1772354892.7824667, "mode": "LIVE", "balance": 198.91, "btc": 67043.98, "eth": 1998.8, "btc_mom": 0.00860703172114757, "eth_mom": 0.020016012810241374, "open_positions": [], "daily_trades": 0, "daily_pnl": 0.0, "trades": []}