{"ts": 1772381503.3321776, "mode": "LIVE", "balance": 198.43, "btc": 66981.41, "eth": 2002.14, "btc_mom": -0.017315239306296686, "eth_mom": -0.0224709001842523, "open_positions": [], "daily_trades": 0, "daily_pnl": 0.0, "trades": []}