{"ts": 1772344884.235871, "mode": "LIVE", "balance": 199.95, "btc": 67302.4, "eth": 2008.75, "btc_mom": -0.06772286218998985, "eth_mom": -0.12479739069041253, "open_positions": [], "daily_trades": 0, "daily_pnl": 0.0, "trades": []}