{"ts": 1772351202.72901, "mode": "LIVE", "balance": 198.91, "btc": 67163.85, "eth": 2007.1, "btc_mom": 0.023098113817868488, "eth_mom": 0.03688271297274712, "open_positions": [], "daily_trades": 0, "daily_pnl": 0.0, "trades": []}