{"ts": 1772380243.9332032, "mode": "LIVE", "balance": 198.91, "btc": 67219.96, "eth": 2011.76, "btc_mom": 0.03348340845025987, "eth_mom": -0.0009941444889591212, "open_positions": [], "daily_trades": 0, "daily_pnl": 0.0, "trades": []}