{"ts": 1772341026.605657, "mode": "PAPER", "balance": 199.95, "btc": 67313.67, "eth": 2015.47, "btc_mom": -0.042202432386637026, "eth_mom": -0.06148628211294678, "open_positions": [], "daily_trades": 0, "daily_pnl": 0.0, "trades": []}