{"ts": 1772351142.7239356, "mode": "LIVE", "balance": 198.91, "btc": 67134.76, "eth": 2006.1, "btc_mom": 0.017594578307415978, "eth_mom": 0.026925148088312676, "open_positions": [], "daily_trades": 0, "daily_pnl": 0.0, "trades": []}