{"ts": 1772340875.5086453, "mode": "PAPER", "balance": 199.95, "btc": 67371.52, "eth": 2016.8, "btc_mom": 0.04768381546556553, "eth_mom": 0.025790068839644385, "open_positions": [], "daily_trades": 0, "daily_pnl": 0.0, "trades": []}