{"ts": 1772343920.8893251, "mode": "LIVE", "balance": 199.95, "btc": 67388.04, "eth": 2014.61, "btc_mom": 0.008295928687657555, "eth_mom": -0.014392773834939252, "open_positions": [], "daily_trades": 0, "daily_pnl": 0.0, "trades": []}