{"ts": 1772378512.0689178, "mode": "LIVE", "balance": 198.91, "btc": 67096.0, "eth": 2010.24, "btc_mom": -0.007078907463776486, "eth_mom": 0.0, "open_positions": [], "daily_trades": 0, "daily_pnl": 0.0, "trades": []}