{"ts": 1772381683.3430781, "mode": "LIVE", "balance": 198.43, "btc": 66955.81, "eth": 1998.98, "btc_mom": 0.011680709159442177, "eth_mom": 0.029023218574856242, "open_positions": [], "daily_trades": 0, "daily_pnl": 0.0, "trades": []}