{"ts": 1772368782.941982, "mode": "LIVE", "balance": 198.91, "btc": 66343.08, "eth": 1980.45, "btc_mom": 0.008969335875695993, "eth_mom": -0.008583170926267805, "open_positions": [], "daily_trades": 0, "daily_pnl": 0.0, "trades": []}