{"ts": 1772352253.0750866, "mode": "LIVE", "balance": 198.91, "btc": 66991.83, "eth": 2000.6, "btc_mom": -0.07340279924057243, "eth_mom": -0.11932161418679575, "open_positions": [], "daily_trades": 0, "daily_pnl": 0.0, "trades": []}