{"ts": 1772345064.93247, "mode": "LIVE", "balance": 199.95, "btc": 67251.21, "eth": 2007.1, "btc_mom": -0.06752193459850941, "eth_mom": -0.14775604829682684, "open_positions": [], "daily_trades": 0, "daily_pnl": 0.0, "trades": []}