{"ts": 1772364552.885847, "mode": "LIVE", "balance": 198.91, "btc": 66549.73, "eth": 1987.29, "btc_mom": -0.0035010186010797353, "eth_mom": -0.004528575310214731, "open_positions": [], "daily_trades": 0, "daily_pnl": 0.0, "trades": []}