{"ts": 1772361672.8218217, "mode": "LIVE", "balance": 198.91, "btc": 66508.0, "eth": 1983.11, "btc_mom": 0.0910794510190666, "eth_mom": 0.07418098140932762, "open_positions": [], "daily_trades": 0, "daily_pnl": 0.0, "trades": []}