{"ts": 1772350573.579801, "mode": "LIVE", "balance": 198.91, "btc": 67182.15, "eth": 2005.6, "btc_mom": 0.04868244659002138, "eth_mom": 0.03790826200594516, "open_positions": [], "daily_trades": 0, "daily_pnl": 0.0, "trades": []}