{"ts": 1772375923.0759225, "mode": "LIVE", "balance": 198.91, "btc": 66882.01, "eth": 2004.75, "btc_mom": -0.05517123480605303, "eth_mom": -0.08074283407347055, "open_positions": [], "daily_trades": 0, "daily_pnl": 0.0, "trades": []}