{"ts": 1772349703.1241024, "mode": "LIVE", "balance": 198.91, "btc": 67046.72, "eth": 2003.67, "btc_mom": 0.0338983050847475, "eth_mom": 0.03095279698460439, "open_positions": [], "daily_trades": 0, "daily_pnl": 0.0, "trades": []}