{"ts": 1772372082.9866176, "mode": "LIVE", "balance": 198.91, "btc": 66331.04, "eth": 1975.6, "btc_mom": 0.018803179863478073, "eth_mom": -0.003036959800784184, "open_positions": [], "daily_trades": 0, "daily_pnl": 0.0, "trades": []}