{"ts": 1772373823.404569, "mode": "LIVE", "balance": 198.91, "btc": 66874.89, "eth": 2004.21, "btc_mom": -0.01913655562032851, "eth_mom": -0.018457731794185857, "open_positions": [], "daily_trades": 0, "daily_pnl": 0.0, "trades": []}