{"ts": 1772343649.8249652, "mode": "LIVE", "balance": 199.95, "btc": 67495.43, "eth": 2017.7, "btc_mom": -0.02232245354427383, "eth_mom": -0.03616672364164317, "open_positions": [], "daily_trades": 0, "daily_pnl": 0.0, "trades": []}