{"ts": 1772372052.9835958, "mode": "LIVE", "balance": 198.91, "btc": 66322.18, "eth": 1975.5, "btc_mom": 0.032443111057542495, "eth_mom": 0.023290667530786027, "open_positions": [], "daily_trades": 0, "daily_pnl": 0.0, "trades": []}