{"ts": 1772361163.620281, "mode": "LIVE", "balance": 198.91, "btc": 66562.8, "eth": 1984.48, "btc_mom": 0.011148610375296863, "eth_mom": 0.030243764743830726, "open_positions": [], "daily_trades": 0, "daily_pnl": 0.0, "trades": []}