{"ts": 1772348352.7983952, "mode": "LIVE", "balance": 198.91, "btc": 66932.31, "eth": 1998.8, "btc_mom": -0.026661624109644875, "eth_mom": -0.02650888047495775, "open_positions": [], "daily_trades": 0, "daily_pnl": 0.0, "trades": []}