{"ts": 1772364672.7836037, "mode": "LIVE", "balance": 198.91, "btc": 66566.76, "eth": 1988.1, "btc_mom": 0.027919621543371655, "eth_mom": 0.017104680645546655, "open_positions": [], "daily_trades": 0, "daily_pnl": 0.0, "trades": []}