{"ts": 1772378383.7108243, "mode": "LIVE", "balance": 198.91, "btc": 67123.65, "eth": 2010.01, "btc_mom": 0.029282904148775307, "eth_mom": 0.028863906680000162, "open_positions": [], "daily_trades": 0, "daily_pnl": 0.0, "trades": []}