{"ts": 1772350872.6574588, "mode": "LIVE", "balance": 198.91, "btc": 67237.98, "eth": 2008.3, "btc_mom": 0.05796214617978428, "eth_mom": 0.0244046996478755, "open_positions": [], "daily_trades": 0, "daily_pnl": 0.0, "trades": []}