{"ts": 1772353033.1005402, "mode": "LIVE", "balance": 198.91, "btc": 67209.99, "eth": 2007.09, "btc_mom": 0.005936969913408385, "eth_mom": -0.004483902788994785, "open_positions": [], "daily_trades": 0, "daily_pnl": 0.0, "trades": []}