{"ts": 1772366533.366239, "mode": "LIVE", "balance": 198.91, "btc": 66498.6, "eth": 1984.9, "btc_mom": 0.012813941568432576, "eth_mom": 0.02570059312937431, "open_positions": [], "daily_trades": 0, "daily_pnl": 0.0, "trades": []}