{"ts": 1772348979.5973458, "mode": "LIVE", "balance": 198.91, "btc": 66847.91, "eth": 1997.19, "btc_mom": 0.02855055220928115, "eth_mom": 0.04007233055665248, "open_positions": [], "daily_trades": 0, "daily_pnl": 0.0, "trades": []}