{"ts": 1772378572.0734615, "mode": "LIVE", "balance": 198.91, "btc": 67021.16, "eth": 2006.9, "btc_mom": -0.008474217194176266, "eth_mom": 0.006976419701414223, "open_positions": [], "daily_trades": 0, "daily_pnl": 0.0, "trades": []}