{"ts": 1772356633.224294, "mode": "LIVE", "balance": 198.91, "btc": 66767.0, "eth": 1994.82, "btc_mom": 0.11712595606254743, "eth_mom": 0.10689068545533334, "open_positions": [], "daily_trades": 0, "daily_pnl": 0.0, "trades": []}