{"ts": 1772351592.8363364, "mode": "LIVE", "balance": 198.91, "btc": 67106.36, "eth": 2005.9, "btc_mom": -0.02117085716048955, "eth_mom": 0.020942617228796735, "open_positions": [], "daily_trades": 0, "daily_pnl": 0.0, "trades": []}