{"ts": 1772362993.054916, "mode": "LIVE", "balance": 198.91, "btc": 66458.34, "eth": 1984.8, "btc_mom": 0.0, "eth_mom": -0.017127255508434948, "open_positions": [], "daily_trades": 0, "daily_pnl": 0.0, "trades": []}