{"ts": 1772380978.2045367, "mode": "LIVE", "balance": 198.43, "btc": 66947.32, "eth": 1997.01, "btc_mom": 0.06792036337394752, "eth_mom": 0.13990432349489842, "open_positions": [], "daily_trades": 0, "daily_pnl": 0.0, "trades": []}