{"ts": 1772348443.0341768, "mode": "LIVE", "balance": 198.91, "btc": 66927.95, "eth": 1998.19, "btc_mom": -0.004885612424223067, "eth_mom": -0.04002021020615183, "open_positions": [], "daily_trades": 0, "daily_pnl": 0.0, "trades": []}