{"ts": 1772347024.820908, "mode": "LIVE", "balance": 199.95, "btc": 66930.29, "eth": 1997.27, "btc_mom": -0.03377000846864076, "eth_mom": -0.004005307031813515, "open_positions": [], "daily_trades": 0, "daily_pnl": 0.0, "trades": []}