{"ts": 1772367253.3349864, "mode": "LIVE", "balance": 198.91, "btc": 66513.89, "eth": 1984.96, "btc_mom": 0.0028415924945865674, "eth_mom": -0.005541366299420169, "open_positions": [], "daily_trades": 0, "daily_pnl": 0.0, "trades": []}