{"ts": 1772357023.3730338, "mode": "LIVE", "balance": 198.91, "btc": 66711.61, "eth": 1992.96, "btc_mom": -0.034030465883231296, "eth_mom": -0.03561271424057323, "open_positions": [], "daily_trades": 0, "daily_pnl": 0.0, "trades": []}