{"ts": 1772344823.979157, "mode": "LIVE", "balance": 199.95, "btc": 67335.0, "eth": 2012.38, "btc_mom": 0.0200827432789714, "eth_mom": 0.06364676047934961, "open_positions": [], "daily_trades": 0, "daily_pnl": 0.0, "trades": []}