{"ts": 1772374183.3908813, "mode": "LIVE", "balance": 198.91, "btc": 67070.72, "eth": 2017.26, "btc_mom": -0.02131623423530754, "eth_mom": 0.008923790826346187, "open_positions": [], "daily_trades": 0, "daily_pnl": 0.0, "trades": []}