{"ts": 1772365843.001118, "mode": "LIVE", "balance": 198.91, "btc": 66473.04, "eth": 1984.33, "btc_mom": 0.006078021333243463, "eth_mom": 0.0010079070306545756, "open_positions": [], "daily_trades": 0, "daily_pnl": 0.0, "trades": []}