{"ts": 1772353573.591367, "mode": "LIVE", "balance": 198.91, "btc": 67251.21, "eth": 2008.08, "btc_mom": 0.0, "eth_mom": 0.021916279811112906, "open_positions": [], "daily_trades": 0, "daily_pnl": 0.0, "trades": []}