{"ts": 1772368032.8835177, "mode": "LIVE", "balance": 198.91, "btc": 66466.29, "eth": 1982.96, "btc_mom": 0.003626029656994055, "eth_mom": 0.008069396812592387, "open_positions": [], "daily_trades": 0, "daily_pnl": 0.0, "trades": []}