{"ts": 1772363683.2855809, "mode": "LIVE", "balance": 198.91, "btc": 66517.35, "eth": 1985.68, "btc_mom": -0.005321636556566812, "eth_mom": -0.006546447041755343, "open_positions": [], "daily_trades": 0, "daily_pnl": 0.0, "trades": []}