{"ts": 1772377003.2831452, "mode": "LIVE", "balance": 198.91, "btc": 66842.24, "eth": 2000.52, "btc_mom": 0.02033558960118312, "eth_mom": 0.03200192011520054, "open_positions": [], "daily_trades": 0, "daily_pnl": 0.0, "trades": []}