{"ts": 1772369953.3401434, "mode": "LIVE", "balance": 198.91, "btc": 66330.97, "eth": 1978.02, "btc_mom": -0.006874144218034697, "eth_mom": 0.009100837277032706, "open_positions": [], "daily_trades": 0, "daily_pnl": 0.0, "trades": []}