{"ts": 1772360743.2984054, "mode": "LIVE", "balance": 198.91, "btc": 66588.03, "eth": 1981.92, "btc_mom": 0.06320442845749738, "eth_mom": 0.04139114633285366, "open_positions": [], "daily_trades": 0, "daily_pnl": 0.0, "trades": []}