{"ts": 1772374633.5847535, "mode": "LIVE", "balance": 198.91, "btc": 67085.54, "eth": 2016.85, "btc_mom": 0.16468772638961554, "eth_mom": 0.2619831177482368, "open_positions": [], "daily_trades": 0, "daily_pnl": 0.0, "trades": []}