{"ts": 1772353992.7917821, "mode": "LIVE", "balance": 198.91, "btc": 67151.81, "eth": 2003.68, "btc_mom": -0.042274354307628284, "eth_mom": -0.040907957096529626, "open_positions": [], "daily_trades": 0, "daily_pnl": 0.0, "trades": []}