{"ts": 1772362933.050261, "mode": "LIVE", "balance": 198.91, "btc": 66464.68, "eth": 1985.4, "btc_mom": -0.006499270336558373, "eth_mom": -0.005036514731801009, "open_positions": [], "daily_trades": 0, "daily_pnl": 0.0, "trades": []}