{"ts": 1772356693.2307668, "mode": "LIVE", "balance": 198.91, "btc": 66744.1, "eth": 1993.3, "btc_mom": 0.015404483064207676, "eth_mom": 0.015554518587646974, "open_positions": [], "daily_trades": 0, "daily_pnl": 0.0, "trades": []}