{"ts": 1772352883.0100195, "mode": "LIVE", "balance": 198.91, "btc": 67240.02, "eth": 2008.45, "btc_mom": -0.016490434135580077, "eth_mom": 0.0, "open_positions": [], "daily_trades": 0, "daily_pnl": 0.0, "trades": []}