{"ts": 1772355372.9057176, "mode": "LIVE", "balance": 198.91, "btc": 66635.56, "eth": 1986.3, "btc_mom": 0.05797562801299547, "eth_mom": 0.07759124528910114, "open_positions": [], "daily_trades": 0, "daily_pnl": 0.0, "trades": []}