{"ts": 1772357682.6909657, "mode": "LIVE", "balance": 198.91, "btc": 66481.57, "eth": 1983.96, "btc_mom": -0.012678598285445954, "eth_mom": -0.005544159228247993, "open_positions": [], "daily_trades": 0, "daily_pnl": 0.0, "trades": []}