{"ts": 1772365752.8906164, "mode": "LIVE", "balance": 198.91, "btc": 66431.04, "eth": 1983.99, "btc_mom": 0.0008730934574097398, "eth_mom": -0.012095372008285787, "open_positions": [], "daily_trades": 0, "daily_pnl": 0.0, "trades": []}