{"ts": 1772364043.320218, "mode": "LIVE", "balance": 198.91, "btc": 66598.01, "eth": 1987.6, "btc_mom": -0.008513043123140124, "eth_mom": -0.023138134663945577, "open_positions": [], "daily_trades": 0, "daily_pnl": 0.0, "trades": []}