{"ts": 1772379733.749651, "mode": "LIVE", "balance": 198.91, "btc": 67166.01, "eth": 2012.92, "btc_mom": -0.039766206850058286, "eth_mom": -0.043698480484650006, "open_positions": [], "daily_trades": 0, "daily_pnl": 0.0, "trades": []}