{"ts": 1772381443.3287106, "mode": "LIVE", "balance": 198.43, "btc": 67004.13, "eth": 2002.26, "btc_mom": 0.00022386729864215703, "eth_mom": 0.02847593783252833, "open_positions": [], "daily_trades": 0, "daily_pnl": 0.0, "trades": []}