{"ts": 1772377573.481405, "mode": "LIVE", "balance": 198.91, "btc": 66981.41, "eth": 2005.64, "btc_mom": 0.04395687775030338, "eth_mom": 0.030922384814122465, "open_positions": [], "daily_trades": 0, "daily_pnl": 0.0, "trades": []}