{"ts": 1772362633.033291, "mode": "LIVE", "balance": 198.91, "btc": 66475.86, "eth": 1983.8, "btc_mom": -0.014965599426399544, "eth_mom": -0.013104442405975168, "open_positions": [], "daily_trades": 0, "daily_pnl": 0.0, "trades": []}