{"ts": 1772357982.893482, "mode": "LIVE", "balance": 198.91, "btc": 66318.21, "eth": 1978.38, "btc_mom": -0.002231614773826484, "eth_mom": 0.014154997219564234, "open_positions": [], "daily_trades": 0, "daily_pnl": 0.0, "trades": []}