{"ts": 1772354532.7894223, "mode": "LIVE", "balance": 198.91, "btc": 67217.25, "eth": 2004.31, "btc_mom": 0.00017852592039461278, "eth_mom": -0.01696056668247053, "open_positions": [], "daily_trades": 0, "daily_pnl": 0.0, "trades": []}