{"ts": 1772371123.4829836, "mode": "LIVE", "balance": 198.91, "btc": 66396.37, "eth": 1981.1, "btc_mom": -0.010737385830573171, "eth_mom": -0.011608364078675345, "open_positions": [], "daily_trades": 0, "daily_pnl": 0.0, "trades": []}