{"ts": 1772357892.8862875, "mode": "LIVE", "balance": 198.91, "btc": 66357.42, "eth": 1981.25, "btc_mom": -0.05730812659358073, "eth_mom": -0.07313259696373861, "open_positions": [], "daily_trades": 0, "daily_pnl": 0.0, "trades": []}