{"ts": 1772356723.2329125, "mode": "LIVE", "balance": 198.91, "btc": 66763.74, "eth": 1994.22, "btc_mom": -0.004717907334000699, "eth_mom": -0.0035100211102666277, "open_positions": [], "daily_trades": 0, "daily_pnl": 0.0, "trades": []}