{"ts": 1772342415.537334, "mode": "LIVE", "balance": 199.95, "btc": 67431.12, "eth": 2016.7, "btc_mom": 0.010070548717345203, "eth_mom": 0.03968450816012473, "open_positions": [], "daily_trades": 0, "daily_pnl": 0.0, "trades": []}