{"ts": 1772377603.4837666, "mode": "LIVE", "balance": 198.91, "btc": 66984.25, "eth": 2005.75, "btc_mom": -0.016225062362744246, "eth_mom": -0.021932120088329347, "open_positions": [], "daily_trades": 0, "daily_pnl": 0.0, "trades": []}