{"ts": 1772346893.478007, "mode": "LIVE", "balance": 199.95, "btc": 66895.19, "eth": 1996.5, "btc_mom": -0.00999971899145783, "eth_mom": -0.020531721509736634, "open_positions": [], "daily_trades": 0, "daily_pnl": 0.0, "trades": []}