{"ts": 1772366262.902043, "mode": "LIVE", "balance": 198.91, "btc": 66464.52, "eth": 1984.01, "btc_mom": 0.004483796192520482, "eth_mom": -0.004032075157877276, "open_positions": [], "daily_trades": 0, "daily_pnl": 0.0, "trades": []}