{"ts": 1772374033.3742952, "mode": "LIVE", "balance": 198.91, "btc": 67226.31, "eth": 2021.07, "btc_mom": -0.1255815556602753, "eth_mom": -0.2974692911055189, "open_positions": [], "daily_trades": 0, "daily_pnl": 0.0, "trades": []}