{"ts": 1772356333.1496832, "mode": "LIVE", "balance": 198.91, "btc": 66598.0, "eth": 1987.26, "btc_mom": 0.020154816625708616, "eth_mom": 0.04329440193314035, "open_positions": [], "daily_trades": 0, "daily_pnl": 0.0, "trades": []}