{"ts": 1772354022.7939715, "mode": "LIVE", "balance": 198.91, "btc": 67181.98, "eth": 2004.58, "btc_mom": 0.002649590206636533, "eth_mom": 0.013969964576159892, "open_positions": [], "daily_trades": 0, "daily_pnl": 0.0, "trades": []}