{"ts": 1772373103.198016, "mode": "LIVE", "balance": 198.91, "btc": 66651.97, "eth": 1987.91, "btc_mom": 0.12278761842944698, "eth_mom": 0.16022330493316791, "open_positions": [], "daily_trades": 0, "daily_pnl": 0.0, "trades": []}