{"ts": 1772363473.26876, "mode": "LIVE", "balance": 198.91, "btc": 66509.97, "eth": 1986.37, "btc_mom": -0.02107510388358256, "eth_mom": -0.03220919874585936, "open_positions": [], "daily_trades": 0, "daily_pnl": 0.0, "trades": []}