{"ts": 1772352193.070472, "mode": "LIVE", "balance": 198.91, "btc": 67126.25, "eth": 2006.17, "btc_mom": 0.0, "eth_mom": -0.0059811891600860725, "open_positions": [], "daily_trades": 0, "daily_pnl": 0.0, "trades": []}