{"ts": 1772375232.8177967, "mode": "LIVE", "balance": 198.91, "btc": 66903.21, "eth": 2007.6, "btc_mom": 0.002705474025972885, "eth_mom": 0.0029887324785531264, "open_positions": [], "daily_trades": 0, "daily_pnl": 0.0, "trades": []}