{"ts": 1772373403.238908, "mode": "LIVE", "balance": 198.91, "btc": 67057.29, "eth": 2013.31, "btc_mom": 0.14828698587173092, "eth_mom": 0.14624173659575376, "open_positions": [], "daily_trades": 0, "daily_pnl": 0.0, "trades": []}