{"ts": 1772343529.6179042, "mode": "LIVE", "balance": 199.95, "btc": 67523.72, "eth": 2019.2, "btc_mom": 0.0440187210687384, "eth_mom": 0.024768415316788032, "open_positions": [], "daily_trades": 0, "daily_pnl": 0.0, "trades": []}