{"ts": 1772348142.7809534, "mode": "LIVE", "balance": 198.91, "btc": 66934.59, "eth": 1998.96, "btc_mom": 0.01491230206645347, "eth_mom": 0.018012608826184696, "open_positions": [], "daily_trades": 0, "daily_pnl": 0.0, "trades": []}