{"ts": 1772376463.1728663, "mode": "LIVE", "balance": 198.91, "btc": 66916.4, "eth": 2002.26, "btc_mom": -0.012387057751045465, "eth_mom": -0.028459729482778685, "open_positions": [], "daily_trades": 0, "daily_pnl": 0.0, "trades": []}