{"ts": 1772343981.178303, "mode": "LIVE", "balance": 199.95, "btc": 67399.48, "eth": 2014.31, "btc_mom": 0.027886327670425454, "eth_mom": 0.009433400194628652, "open_positions": [], "daily_trades": 0, "daily_pnl": 0.0, "trades": []}