{"ts": 1772345004.793117, "mode": "LIVE", "balance": 199.95, "btc": 67333.99, "eth": 2011.68, "btc_mom": 0.029696645571508508, "eth_mom": 0.06864647067602393, "open_positions": [], "daily_trades": 0, "daily_pnl": 0.0, "trades": []}