{"ts": 1772355823.157881, "mode": "LIVE", "balance": 198.91, "btc": 66651.96, "eth": 1989.36, "btc_mom": 0.011929054089049627, "eth_mom": 0.04475803004319264, "open_positions": [], "daily_trades": 0, "daily_pnl": 0.0, "trades": []}