{"ts": 1772368662.930372, "mode": "LIVE", "balance": 198.91, "btc": 66249.99, "eth": 1977.49, "btc_mom": -0.06504446691367374, "eth_mom": -0.07125170549295476, "open_positions": [], "daily_trades": 0, "daily_pnl": 0.0, "trades": []}