{"ts": 1772379973.7559972, "mode": "LIVE", "balance": 198.91, "btc": 67177.37, "eth": 2011.23, "btc_mom": -0.015226023849654513, "eth_mom": -0.03628302749557735, "open_positions": [], "daily_trades": 0, "daily_pnl": 0.0, "trades": []}