{"ts": 1772359903.191264, "mode": "LIVE", "balance": 198.91, "btc": 66424.76, "eth": 1977.47, "btc_mom": 0.03420075133221316, "eth_mom": 0.054138838291840526, "open_positions": [], "daily_trades": 0, "daily_pnl": 0.0, "trades": []}