{"ts": 1772362332.9462647, "mode": "LIVE", "balance": 198.91, "btc": 66440.24, "eth": 1981.37, "btc_mom": 0.008339015604809158, "eth_mom": 0.011104661434005497, "open_positions": [], "daily_trades": 0, "daily_pnl": 0.0, "trades": []}