{"ts": 1772376733.2441201, "mode": "LIVE", "balance": 198.91, "btc": 66833.73, "eth": 1998.27, "btc_mom": -0.04669112890984165, "eth_mom": -0.08799868001979926, "open_positions": [], "daily_trades": 0, "daily_pnl": 0.0, "trades": []}