{"ts": 1772366473.3620155, "mode": "LIVE", "balance": 198.91, "btc": 66465.45, "eth": 1982.4, "btc_mom": 0.014189835623609441, "eth_mom": -0.019669253930061817, "open_positions": [], "daily_trades": 0, "daily_pnl": 0.0, "trades": []}