{"ts": 1772360323.14916, "mode": "LIVE", "balance": 198.91, "btc": 66456.53, "eth": 1980.01, "btc_mom": 0.0, "eth_mom": -0.013129522741847874, "open_positions": [], "daily_trades": 0, "daily_pnl": 0.0, "trades": []}