{"ts": 1772350603.5823293, "mode": "LIVE", "balance": 198.91, "btc": 67205.66, "eth": 2006.29, "btc_mom": 0.008318443715901645, "eth_mom": 0.04138701345326894, "open_positions": [], "daily_trades": 0, "daily_pnl": 0.0, "trades": []}