{"ts": 1772363863.1993365, "mode": "LIVE", "balance": 198.91, "btc": 66601.99, "eth": 1987.51, "btc_mom": 0.00599117090604108, "eth_mom": 0.01861972483065566, "open_positions": [], "daily_trades": 0, "daily_pnl": 0.0, "trades": []}