{"ts": 1772356543.2179885, "mode": "LIVE", "balance": 198.91, "btc": 66677.51, "eth": 1992.56, "btc_mom": 0.03833345636045565, "eth_mom": 0.051719030092440124, "open_positions": [], "daily_trades": 0, "daily_pnl": 0.0, "trades": []}