{"ts": 1772367702.7712924, "mode": "LIVE", "balance": 198.91, "btc": 66518.49, "eth": 1985.28, "btc_mom": -0.022034128851540834, "eth_mom": -0.05437080891680901, "open_positions": [], "daily_trades": 0, "daily_pnl": 0.0, "trades": []}