{"ts": 1772343469.3167539, "mode": "LIVE", "balance": 199.95, "btc": 67484.09, "eth": 2017.97, "btc_mom": -0.017541798446212252, "eth_mom": 0.0004955499613466523, "open_positions": [], "daily_trades": 0, "daily_pnl": 0.0, "trades": []}