{"ts": 1772355883.1624727, "mode": "LIVE", "balance": 198.91, "btc": 66646.29, "eth": 1988.83, "btc_mom": -0.04661251636050094, "eth_mom": -0.035686641133128076, "open_positions": [], "daily_trades": 0, "daily_pnl": 0.0, "trades": []}