{"ts": 1772371093.4802456, "mode": "LIVE", "balance": 198.91, "btc": 66403.29, "eth": 1981.09, "btc_mom": -0.015207776624571973, "eth_mom": -0.0126177233589389, "open_positions": [], "daily_trades": 0, "daily_pnl": 0.0, "trades": []}