{"ts": 1772357562.681266, "mode": "LIVE", "balance": 198.91, "btc": 66563.92, "eth": 1988.76, "btc_mom": -0.004281415487045294, "eth_mom": -0.02211944500301903, "open_positions": [], "daily_trades": 0, "daily_pnl": 0.0, "trades": []}