{"ts": 1772357862.8841085, "mode": "LIVE", "balance": 198.91, "btc": 66420.0, "eth": 1984.13, "btc_mom": -0.066998141715587, "eth_mom": -0.07654924080275888, "open_positions": [], "daily_trades": 0, "daily_pnl": 0.0, "trades": []}