{"ts": 1772371363.573708, "mode": "LIVE", "balance": 198.91, "btc": 66206.08, "eth": 1970.63, "btc_mom": 0.0008156417121711403, "eth_mom": 0.026902187706217964, "open_positions": [], "daily_trades": 0, "daily_pnl": 0.0, "trades": []}