{"ts": 1772341660.297197, "mode": "PAPER", "balance": 199.95, "btc": 67239.84, "eth": 2014.48, "btc_mom": -0.0801856931842256, "eth_mom": -0.09224634734220916, "open_positions": [], "daily_trades": 0, "daily_pnl": 0.0, "trades": []}