{"ts": 1772351442.8251374, "mode": "LIVE", "balance": 198.91, "btc": 67114.88, "eth": 2005.83, "btc_mom": 0.0338638672536421, "eth_mom": 0.06934605176507516, "open_positions": [], "daily_trades": 0, "daily_pnl": 0.0, "trades": []}