{"ts": 1772362302.9432209, "mode": "LIVE", "balance": 198.91, "btc": 66441.81, "eth": 1981.24, "btc_mom": -0.015334376692954807, "eth_mom": -0.03834510595358178, "open_positions": [], "daily_trades": 0, "daily_pnl": 0.0, "trades": []}