{"ts": 1772375292.8225932, "mode": "LIVE", "balance": 198.91, "btc": 66953.0, "eth": 2008.17, "btc_mom": -0.001389014804647039, "eth_mom": 0.010956448118729416, "open_positions": [], "daily_trades": 0, "daily_pnl": 0.0, "trades": []}