{"ts": 1772338531.321722, "mode": "PAPER", "balance": 199.95, "btc": 67310.85, "eth": 2014.47, "btc_mom": -0.008749680985739085, "eth_mom": -0.05606271085532257, "open_positions": [], "daily_trades": 0, "daily_pnl": 0.0, "trades": []}