{"ts": 1772349432.9391215, "mode": "LIVE", "balance": 198.91, "btc": 67009.8, "eth": 2002.8, "btc_mom": 0.02969103854595329, "eth_mom": 0.04645656311349207, "open_positions": [], "daily_trades": 0, "daily_pnl": 0.0, "trades": []}