{"ts": 1772380033.7607596, "mode": "LIVE", "balance": 198.91, "btc": 67220.47, "eth": 2011.63, "btc_mom": 0.0007289499342386575, "eth_mom": -0.018389662027827578, "open_positions": [], "daily_trades": 0, "daily_pnl": 0.0, "trades": []}