{"ts": 1772363053.059896, "mode": "LIVE", "balance": 198.91, "btc": 66463.8, "eth": 1985.13, "btc_mom": 0.008215673157058095, "eth_mom": 0.011587485515644022, "open_positions": [], "daily_trades": 0, "daily_pnl": 0.0, "trades": []}