{"ts": 1772372683.1250753, "mode": "LIVE", "balance": 198.91, "btc": 66360.74, "eth": 1978.36, "btc_mom": -0.003119216922840418, "eth_mom": -0.006065262221509353, "open_positions": [], "daily_trades": 0, "daily_pnl": 0.0, "trades": []}