{"ts": 1772353753.6054382, "mode": "LIVE", "balance": 198.91, "btc": 67221.1, "eth": 2006.65, "btc_mom": -0.0033173007049724043, "eth_mom": -0.01096234434715751, "open_positions": [], "daily_trades": 0, "daily_pnl": 0.0, "trades": []}