{"ts": 1772372202.9998522, "mode": "LIVE", "balance": 198.91, "btc": 66315.99, "eth": 1975.2, "btc_mom": -0.001281725727569753, "eth_mom": -0.011136872158833428, "open_positions": [], "daily_trades": 0, "daily_pnl": 0.0, "trades": []}