{"ts": 1772344071.407237, "mode": "LIVE", "balance": 199.95, "btc": 67350.03, "eth": 2013.54, "btc_mom": -0.037016714070525494, "eth_mom": -0.024329329751791636, "open_positions": [], "daily_trades": 0, "daily_pnl": 0.0, "trades": []}