{"ts": 1772367193.3304558, "mode": "LIVE", "balance": 198.91, "btc": 66519.46, "eth": 1986.21, "btc_mom": 0.020283893310638484, "eth_mom": 0.01359557690564578, "open_positions": [], "daily_trades": 0, "daily_pnl": 0.0, "trades": []}