{"ts": 1772367103.3232703, "mode": "LIVE", "balance": 198.91, "btc": 66515.19, "eth": 1986.6, "btc_mom": -0.004961026625834276, "eth_mom": 0.009564994135139634, "open_positions": [], "daily_trades": 0, "daily_pnl": 0.0, "trades": []}