{"ts": 1772375083.6427894, "mode": "LIVE", "balance": 198.91, "btc": 66892.87, "eth": 2008.7, "btc_mom": -0.0007325091758064458, "eth_mom": -0.024885526577742387, "open_positions": [], "daily_trades": 0, "daily_pnl": 0.0, "trades": []}