{"ts": 1772352223.0727923, "mode": "LIVE", "balance": 198.91, "btc": 67021.16, "eth": 2002.32, "btc_mom": -0.05083867407845993, "eth_mom": -0.03893964355249227, "open_positions": [], "daily_trades": 0, "daily_pnl": 0.0, "trades": []}