{"ts": 1772374303.473083, "mode": "LIVE", "balance": 198.91, "btc": 67037.42, "eth": 2015.52, "btc_mom": -0.02172940728531246, "eth_mom": -0.04165922751889138, "open_positions": [], "daily_trades": 0, "daily_pnl": 0.0, "trades": []}