{"ts": 1772377693.4925494, "mode": "LIVE", "balance": 198.91, "btc": 66868.46, "eth": 2000.45, "btc_mom": -0.019751301066483314, "eth_mom": -0.027486256871561948, "open_positions": [], "daily_trades": 0, "daily_pnl": 0.0, "trades": []}