{"ts": 1772347103.1109924, "mode": "LIVE", "balance": 199.95, "btc": 66863.07, "eth": 1995.48, "btc_mom": 0.0056686222167037234, "eth_mom": 0.03208277355577891, "open_positions": [], "daily_trades": 0, "daily_pnl": 0.0, "trades": []}