{"ts": 1772355492.9133751, "mode": "LIVE", "balance": 198.91, "btc": 66505.77, "eth": 1983.78, "btc_mom": -0.03696056958055917, "eth_mom": -0.03124370086676669, "open_positions": [], "daily_trades": 0, "daily_pnl": 0.0, "trades": []}