{"ts": 1772361432.7924633, "mode": "LIVE", "balance": 198.91, "btc": 66684.45, "eth": 1991.49, "btc_mom": 0.04374746550499367, "eth_mom": 0.056773648988128235, "open_positions": [], "daily_trades": 0, "daily_pnl": 0.0, "trades": []}