{"ts": 1772376163.0758464, "mode": "LIVE", "balance": 198.91, "btc": 66829.59, "eth": 1998.81, "btc_mom": 0.08313105923734893, "eth_mom": 0.06758583400918712, "open_positions": [], "daily_trades": 0, "daily_pnl": 0.0, "trades": []}