{"ts": 1772368692.9332423, "mode": "LIVE", "balance": 198.91, "btc": 66311.16, "eth": 1979.7, "btc_mom": 0.09429620419664322, "eth_mom": 0.09151166141696178, "open_positions": [], "daily_trades": 0, "daily_pnl": 0.0, "trades": []}