{"ts": 1772366503.364013, "mode": "LIVE", "balance": 198.91, "btc": 66478.72, "eth": 1983.87, "btc_mom": 0.02165071099039051, "eth_mom": 0.04790914409052398, "open_positions": [], "daily_trades": 0, "daily_pnl": 0.0, "trades": []}