{"ts": 1772343740.155734, "mode": "LIVE", "balance": 199.95, "btc": 67474.53, "eth": 2017.35, "btc_mom": -0.026773305517948612, "eth_mom": -0.0014870772982878825, "open_positions": [], "daily_trades": 0, "daily_pnl": 0.0, "trades": []}