{"ts": 1772353243.2970712, "mode": "LIVE", "balance": 198.91, "btc": 67144.05, "eth": 2004.19, "btc_mom": -0.010349808640224405, "eth_mom": -0.009978098074728244, "open_positions": [], "daily_trades": 0, "daily_pnl": 0.0, "trades": []}