{"ts": 1772372263.005467, "mode": "LIVE", "balance": 198.91, "btc": 66268.55, "eth": 1973.87, "btc_mom": 0.0038330359712440043, "eth_mom": 0.013680583704903822, "open_positions": [], "daily_trades": 0, "daily_pnl": 0.0, "trades": []}