{"ts": 1772341476.6336825, "mode": "PAPER", "balance": 199.95, "btc": 67423.39, "eth": 2018.62, "btc_mom": 0.056139623978789736, "eth_mom": 0.0669221274296405, "open_positions": [], "daily_trades": 0, "daily_pnl": 0.0, "trades": []}