{"ts": 1772357802.8799918, "mode": "LIVE", "balance": 198.91, "btc": 66456.21, "eth": 1985.49, "btc_mom": -0.025333575035291007, "eth_mom": 0.0, "open_positions": [], "daily_trades": 0, "daily_pnl": 0.0, "trades": []}