{"ts": 1772351622.8386493, "mode": "LIVE", "balance": 198.91, "btc": 67098.09, "eth": 2005.21, "btc_mom": -0.02078613613890606, "eth_mom": -0.013961675201570324, "open_positions": [], "daily_trades": 0, "daily_pnl": 0.0, "trades": []}