{"ts": 1772341690.4494011, "mode": "PAPER", "balance": 199.95, "btc": 67252.44, "eth": 2014.0, "btc_mom": -0.037159558984408446, "eth_mom": -0.07293584126779497, "open_positions": [], "daily_trades": 0, "daily_pnl": 0.0, "trades": []}