{"ts": 1772349402.9358375, "mode": "LIVE", "balance": 198.91, "btc": 66982.03, "eth": 2001.97, "btc_mom": 0.0, "eth_mom": 0.008991952202781693, "open_positions": [], "daily_trades": 0, "daily_pnl": 0.0, "trades": []}