{"ts": 1772360863.310223, "mode": "LIVE", "balance": 198.91, "btc": 66577.99, "eth": 1983.59, "btc_mom": 0.02623176227714293, "eth_mom": 0.034797518785608314, "open_positions": [], "daily_trades": 0, "daily_pnl": 0.0, "trades": []}