{"ts": 1772382463.638274, "mode": "LIVE", "balance": 198.43, "btc": 67081.99, "eth": 2007.46, "btc_mom": 0.03711762065463525, "eth_mom": 0.015943083192997816, "open_positions": [], "daily_trades": 0, "daily_pnl": 0.0, "trades": []}