{"ts": 1772354052.796329, "mode": "LIVE", "balance": 198.91, "btc": 67185.89, "eth": 2004.45, "btc_mom": -0.015670477683184365, "eth_mom": -0.03491010647582702, "open_positions": [], "daily_trades": 0, "daily_pnl": 0.0, "trades": []}