{"ts": 1772341086.6089792, "mode": "PAPER", "balance": 199.95, "btc": 67311.99, "eth": 2014.8, "btc_mom": 0.005913114947255872, "eth_mom": -0.0014889593662975396, "open_positions": [], "daily_trades": 0, "daily_pnl": 0.0, "trades": []}