{"ts": 1772341296.6213837, "mode": "PAPER", "balance": 199.95, "btc": 67404.55, "eth": 2017.8, "btc_mom": 0.07356543686437965, "eth_mom": 0.053552302749014596, "open_positions": [], "daily_trades": 0, "daily_pnl": 0.0, "trades": []}