{"ts": 1772359393.0983994, "mode": "LIVE", "balance": 198.91, "btc": 66387.84, "eth": 1979.12, "btc_mom": -0.07250585939763429, "eth_mom": -0.10347420968418569, "open_positions": [], "daily_trades": 0, "daily_pnl": 0.0, "trades": []}