{"ts": 1772374693.5889034, "mode": "LIVE", "balance": 198.91, "btc": 67053.65, "eth": 2016.98, "btc_mom": -0.029847777824001692, "eth_mom": -0.10054432617966096, "open_positions": [], "daily_trades": 0, "daily_pnl": 0.0, "trades": []}