{"ts": 1772368602.9254992, "mode": "LIVE", "balance": 198.91, "btc": 66317.81, "eth": 1979.01, "btc_mom": -0.02702917009745812, "eth_mom": -0.01768248322689703, "open_positions": [], "daily_trades": 0, "daily_pnl": 0.0, "trades": []}