{"ts": 1772350783.596128, "mode": "LIVE", "balance": 198.91, "btc": 67174.52, "eth": 2007.66, "btc_mom": 0.00422797226451841, "eth_mom": 0.023914148207934426, "open_positions": [], "daily_trades": 0, "daily_pnl": 0.0, "trades": []}