{"ts": 1772377273.418565, "mode": "LIVE", "balance": 198.91, "btc": 66884.83, "eth": 2001.6, "btc_mom": 0.031063025487839173, "eth_mom": 0.04298409588451773, "open_positions": [], "daily_trades": 0, "daily_pnl": 0.0, "trades": []}