{"ts": 1772349883.1412299, "mode": "LIVE", "balance": 198.91, "btc": 67019.65, "eth": 2001.0, "btc_mom": 0.023341886552759185, "eth_mom": 0.0324943134951429, "open_positions": [], "daily_trades": 0, "daily_pnl": 0.0, "trades": []}