{"ts": 1772360533.3009462, "mode": "LIVE", "balance": 198.91, "btc": 66467.83, "eth": 1979.34, "btc_mom": -0.0015345534035929227, "eth_mom": 0.006568277241923886, "open_positions": [], "daily_trades": 0, "daily_pnl": 0.0, "trades": []}