{"ts": 1772375562.9848175, "mode": "LIVE", "balance": 198.91, "btc": 66981.4, "eth": 2010.3, "btc_mom": -0.05860877567938559, "eth_mom": -0.0601538147958517, "open_positions": [], "daily_trades": 0, "daily_pnl": 0.0, "trades": []}