{"ts": 1772380904.1985614, "mode": "LIVE", "balance": 198.43, "btc": 66804.63, "eth": 1989.93, "btc_mom": 0.05850320756641135, "eth_mom": 0.12730200261648247, "open_positions": [], "daily_trades": 0, "daily_pnl": 0.0, "trades": []}