{"ts": 1772341446.6317341, "mode": "PAPER", "balance": 199.95, "btc": 67387.93, "eth": 2017.36, "btc_mom": 0.02067563154925196, "eth_mom": 0.03074268373711489, "open_positions": [], "daily_trades": 0, "daily_pnl": 0.0, "trades": []}