{"ts": 1772348772.8915293, "mode": "LIVE", "balance": 198.91, "btc": 66795.43, "eth": 1993.24, "btc_mom": -0.02433705838006689, "eth_mom": -0.06317372775131566, "open_positions": [], "daily_trades": 0, "daily_pnl": 0.0, "trades": []}