{"ts": 1772354202.7456038, "mode": "LIVE", "balance": 198.91, "btc": 67181.58, "eth": 2003.99, "btc_mom": 0.035885801551823894, "eth_mom": 0.034443168771529704, "open_positions": [], "daily_trades": 0, "daily_pnl": 0.0, "trades": []}