{"ts": 1772351262.7329803, "mode": "LIVE", "balance": 198.91, "btc": 67112.73, "eth": 2005.21, "btc_mom": -0.016074842320557902, "eth_mom": -0.029414697377600867, "open_positions": [], "daily_trades": 0, "daily_pnl": 0.0, "trades": []}