{"ts": 1772357233.5654004, "mode": "LIVE", "balance": 198.91, "btc": 66654.79, "eth": 1990.7, "btc_mom": 0.02555608111677049, "eth_mom": 0.005525999829202766, "open_positions": [], "daily_trades": 0, "daily_pnl": 0.0, "trades": []}