{"ts": 1772359092.9425073, "mode": "LIVE", "balance": 198.91, "btc": 66345.25, "eth": 1977.91, "btc_mom": -0.10607431676545921, "eth_mom": -0.125732175318118, "open_positions": [], "daily_trades": 0, "daily_pnl": 0.0, "trades": []}