{"ts": 1772342837.063599, "mode": "LIVE", "balance": 199.95, "btc": 67502.89, "eth": 2022.1, "btc_mom": -0.010057816893804855, "eth_mom": -0.0024726157802429046, "open_positions": [], "daily_trades": 0, "daily_pnl": 0.0, "trades": []}