{"ts": 1772351952.7767136, "mode": "LIVE", "balance": 198.91, "btc": 67117.72, "eth": 2007.23, "btc_mom": -0.004365273578240103, "eth_mom": 0.006477006626481448, "open_positions": [], "daily_trades": 0, "daily_pnl": 0.0, "trades": []}