{"ts": 1772342806.9104981, "mode": "LIVE", "balance": 199.95, "btc": 67509.67, "eth": 2022.0, "btc_mom": 0.01004401441182568, "eth_mom": 0.0202810658936818, "open_positions": [], "daily_trades": 0, "daily_pnl": 0.0, "trades": []}