{"ts": 1772353693.6010623, "mode": "LIVE", "balance": 198.91, "btc": 67263.56, "eth": 2008.0, "btc_mom": -0.009588225124386172, "eth_mom": -0.014440145596500685, "open_positions": [], "daily_trades": 0, "daily_pnl": 0.0, "trades": []}