{"ts": 1772349733.1264668, "mode": "LIVE", "balance": 198.91, "btc": 67069.44, "eth": 2004.57, "btc_mom": -0.016934801016088928, "eth_mom": -0.03141831238779719, "open_positions": [], "daily_trades": 0, "daily_pnl": 0.0, "trades": []}