{"ts": 1772379403.7747464, "mode": "LIVE", "balance": 198.91, "btc": 67194.41, "eth": 2014.45, "btc_mom": -0.008318452380947184, "eth_mom": 0.0014892624179651073, "open_positions": [], "daily_trades": 0, "daily_pnl": 0.0, "trades": []}