{"ts": 1772359693.0662653, "mode": "LIVE", "balance": 198.91, "btc": 66410.0, "eth": 1978.65, "btc_mom": 0.04536012337471572, "eth_mom": 0.027804458824133356, "open_positions": [], "daily_trades": 0, "daily_pnl": 0.0, "trades": []}