{"ts": 1772349462.9454472, "mode": "LIVE", "balance": 198.91, "btc": 67004.13, "eth": 2002.6, "btc_mom": -0.012714017428037128, "eth_mom": -0.01997004493260564, "open_positions": [], "daily_trades": 0, "daily_pnl": 0.0, "trades": []}