{"ts": 1772376553.179394, "mode": "LIVE", "balance": 198.91, "btc": 66943.91, "eth": 2001.96, "btc_mom": 0.02425005618005955, "eth_mom": 0.023482505533378994, "open_positions": [], "daily_trades": 0, "daily_pnl": 0.0, "trades": []}