{"ts": 1772354352.756947, "mode": "LIVE", "balance": 198.91, "btc": 67217.13, "eth": 2005.55, "btc_mom": -0.006738899336908424, "eth_mom": 0.0039890898392859146, "open_positions": [], "daily_trades": 0, "daily_pnl": 0.0, "trades": []}