{"ts": 1772358762.941413, "mode": "LIVE", "balance": 198.91, "btc": 66419.99, "eth": 1981.9, "btc_mom": 0.014199548987401351, "eth_mom": -0.005045408678098337, "open_positions": [], "daily_trades": 0, "daily_pnl": 0.0, "trades": []}