{"ts": 1772367493.389258, "mode": "LIVE", "balance": 198.91, "btc": 66542.01, "eth": 1986.29, "btc_mom": 0.027824753658473717, "eth_mom": 0.010070037108089033, "open_positions": [], "daily_trades": 0, "daily_pnl": 0.0, "trades": []}