{"ts": 1772366863.1581125, "mode": "LIVE", "balance": 198.91, "btc": 66509.97, "eth": 1985.94, "btc_mom": -0.004254820124850775, "eth_mom": 0.017123287671240207, "open_positions": [], "daily_trades": 0, "daily_pnl": 0.0, "trades": []}