{"ts": 1772367373.3803618, "mode": "LIVE", "balance": 198.91, "btc": 66524.17, "eth": 1985.77, "btc_mom": 0.0002555468702998223, "eth_mom": -0.0035249566933859898, "open_positions": [], "daily_trades": 0, "daily_pnl": 0.0, "trades": []}