{"ts": 1772377033.2852268, "mode": "LIVE", "balance": 198.91, "btc": 66833.99, "eth": 2000.73, "btc_mom": -0.034596165673888, "eth_mom": -0.03147859455569622, "open_positions": [], "daily_trades": 0, "daily_pnl": 0.0, "trades": []}