{"ts": 1772356153.0786479, "mode": "LIVE", "balance": 198.91, "btc": 66609.58, "eth": 1988.2, "btc_mom": 0.00033028391205254656, "eth_mom": 0.014085073846028646, "open_positions": [], "daily_trades": 0, "daily_pnl": 0.0, "trades": []}