{"ts": 1772377093.2904918, "mode": "LIVE", "balance": 198.91, "btc": 66883.1, "eth": 2002.41, "btc_mom": 0.037587141817205426, "eth_mom": 0.04096743089244869, "open_positions": [], "daily_trades": 0, "daily_pnl": 0.0, "trades": []}