{"ts": 1772369623.1437917, "mode": "LIVE", "balance": 198.91, "btc": 66325.36, "eth": 1977.4, "btc_mom": -0.0003316970616784115, "eth_mom": -0.009102033798877229, "open_positions": [], "daily_trades": 0, "daily_pnl": 0.0, "trades": []}