{"ts": 1772358792.9435403, "mode": "LIVE", "balance": 198.91, "btc": 66376.01, "eth": 1980.36, "btc_mom": -0.0563139281660266, "eth_mom": -0.059549643206801964, "open_positions": [], "daily_trades": 0, "daily_pnl": 0.0, "trades": []}