{"ts": 1772376253.0823348, "mode": "LIVE", "balance": 198.91, "btc": 66805.31, "eth": 1997.68, "btc_mom": -0.0049993526287337164, "eth_mom": -0.029525539591742766, "open_positions": [], "daily_trades": 0, "daily_pnl": 0.0, "trades": []}