{"ts": 1772358942.9318821, "mode": "LIVE", "balance": 198.91, "btc": 66379.06, "eth": 1979.46, "btc_mom": -0.004519293315091457, "eth_mom": 0.015157945795183538, "open_positions": [], "daily_trades": 0, "daily_pnl": 0.0, "trades": []}