{"ts": 1772350363.4637818, "mode": "LIVE", "balance": 198.91, "btc": 66959.17, "eth": 1999.81, "btc_mom": -0.010184274136777466, "eth_mom": -0.02299689541912024, "open_positions": [], "daily_trades": 0, "daily_pnl": 0.0, "trades": []}