{"ts": 1772361283.6306353, "mode": "LIVE", "balance": 198.91, "btc": 66563.22, "eth": 1985.28, "btc_mom": 0.020300614382834665, "eth_mom": 0.05241301455468913, "open_positions": [], "daily_trades": 0, "daily_pnl": 0.0, "trades": []}