{"ts": 1772370403.2913983, "mode": "LIVE", "balance": 198.91, "btc": 66351.49, "eth": 1979.4, "btc_mom": -0.04794879195557219, "eth_mom": -0.039895161575402543, "open_positions": [], "daily_trades": 0, "daily_pnl": 0.0, "trades": []}