{"ts": 1772371303.567787, "mode": "LIVE", "balance": 198.91, "btc": 66152.66, "eth": 1970.25, "btc_mom": -0.0034766856483669705, "eth_mom": 0.039096614334747336, "open_positions": [], "daily_trades": 0, "daily_pnl": 0.0, "trades": []}