{"ts": 1772359122.9446428, "mode": "LIVE", "balance": 198.91, "btc": 66367.65, "eth": 1978.89, "btc_mom": 0.01665245054747886, "eth_mom": 0.012634941171713902, "open_positions": [], "daily_trades": 0, "daily_pnl": 0.0, "trades": []}