{"ts": 1772363743.189031, "mode": "LIVE", "balance": 198.91, "btc": 66541.2, "eth": 1986.45, "btc_mom": 0.021344717182492957, "eth_mom": 0.007551729346024818, "open_positions": [], "daily_trades": 0, "daily_pnl": 0.0, "trades": []}