{"ts": 1772364462.875714, "mode": "LIVE", "balance": 198.91, "btc": 66561.09, "eth": 1987.64, "btc_mom": -0.030729233548943215, "eth_mom": -0.050285622334862015, "open_positions": [], "daily_trades": 0, "daily_pnl": 0.0, "trades": []}