{"ts": 1772374123.3828666, "mode": "LIVE", "balance": 198.91, "btc": 67131.61, "eth": 2018.91, "btc_mom": -0.07461849008377076, "eth_mom": -0.1942813074686993, "open_positions": [], "daily_trades": 0, "daily_pnl": 0.0, "trades": []}