{"ts": 1772376223.0800822, "mode": "LIVE", "balance": 198.91, "btc": 66819.52, "eth": 1997.91, "btc_mom": 0.0200430708978344, "eth_mom": 0.04055881027490726, "open_positions": [], "daily_trades": 0, "daily_pnl": 0.0, "trades": []}