{"ts": 1772358882.9504678, "mode": "LIVE", "balance": 198.91, "btc": 66387.35, "eth": 1980.07, "btc_mom": 0.01363397375347502, "eth_mom": -0.009594699685902588, "open_positions": [], "daily_trades": 0, "daily_pnl": 0.0, "trades": []}