{"ts": 1772360503.296315, "mode": "LIVE", "balance": 198.91, "btc": 66469.99, "eth": 1979.27, "btc_mom": -0.0003159310487885563, "eth_mom": 0.0, "open_positions": [], "daily_trades": 0, "daily_pnl": 0.0, "trades": []}