{"ts": 1772380003.758231, "mode": "LIVE", "balance": 198.91, "btc": 67217.12, "eth": 2011.9, "btc_mom": 0.00187455758208667, "eth_mom": 0.010936132983378434, "open_positions": [], "daily_trades": 0, "daily_pnl": 0.0, "trades": []}