{"ts": 1772376493.17524, "mode": "LIVE", "balance": 198.91, "btc": 66926.29, "eth": 2001.9, "btc_mom": 0.007217415758692644, "eth_mom": -0.020476349815955298, "open_positions": [], "daily_trades": 0, "daily_pnl": 0.0, "trades": []}