{"ts": 1772344462.771853, "mode": "LIVE", "balance": 199.95, "btc": 67346.05, "eth": 2011.42, "btc_mom": -0.018512877064402786, "eth_mom": -0.03876354239141103, "open_positions": [], "daily_trades": 0, "daily_pnl": 0.0, "trades": []}