{"ts": 1772378692.0838928, "mode": "LIVE", "balance": 198.91, "btc": 67068.04, "eth": 2007.37, "btc_mom": -0.008855893149627215, "eth_mom": -0.005977613836189383, "open_positions": [], "daily_trades": 0, "daily_pnl": 0.0, "trades": []}