{"ts": 1772377543.4790456, "mode": "LIVE", "balance": 198.91, "btc": 66949.4, "eth": 2004.29, "btc_mom": 0.020063950668068327, "eth_mom": 0.025451895916716948, "open_positions": [], "daily_trades": 0, "daily_pnl": 0.0, "trades": []}