{"ts": 1772359753.0713837, "mode": "LIVE", "balance": 198.91, "btc": 66389.28, "eth": 1976.27, "btc_mom": -0.006943410003541865, "eth_mom": -0.04804725827171713, "open_positions": [], "daily_trades": 0, "daily_pnl": 0.0, "trades": []}