{"ts": 1772362663.0349808, "mode": "LIVE", "balance": 198.91, "btc": 66465.73, "eth": 1983.68, "btc_mom": -0.015238614438391104, "eth_mom": -0.011089268612330625, "open_positions": [], "daily_trades": 0, "daily_pnl": 0.0, "trades": []}