{"ts": 1772379673.745226, "mode": "LIVE", "balance": 198.91, "btc": 67220.01, "eth": 2015.09, "btc_mom": 0.032753951010438945, "eth_mom": 0.056605178877324296, "open_positions": [], "daily_trades": 0, "daily_pnl": 0.0, "trades": []}