{"ts": 1772367553.393463, "mode": "LIVE", "balance": 198.91, "btc": 66521.11, "eth": 1986.13, "btc_mom": 0.003953788481042647, "eth_mom": 0.011078044825799119, "open_positions": [], "daily_trades": 0, "daily_pnl": 0.0, "trades": []}