{"ts": 1772376073.0694447, "mode": "LIVE", "balance": 198.91, "btc": 66967.19, "eth": 2007.99, "btc_mom": 0.05297935672663235, "eth_mom": 0.07575493279241563, "open_positions": [], "daily_trades": 0, "daily_pnl": 0.0, "trades": []}