{"ts": 1772365903.0061476, "mode": "LIVE", "balance": 198.91, "btc": 66446.93, "eth": 1982.85, "btc_mom": -0.02034292575509807, "eth_mom": -0.013614909839040594, "open_positions": [], "daily_trades": 0, "daily_pnl": 0.0, "trades": []}