{"ts": 1772364702.7862544, "mode": "LIVE", "balance": 198.91, "btc": 66570.93, "eth": 1988.29, "btc_mom": -0.0022682058822078824, "eth_mom": 0.004526707574686558, "open_positions": [], "daily_trades": 0, "daily_pnl": 0.0, "trades": []}