{"ts": 1772347333.3852625, "mode": "LIVE", "balance": 199.95, "btc": 66882.06, "eth": 1990.8, "btc_mom": -0.08651034650897438, "eth_mom": -0.2655177596312787, "open_positions": [], "daily_trades": 0, "daily_pnl": 0.0, "trades": []}