{"ts": 1772366923.1642365, "mode": "LIVE", "balance": 198.91, "btc": 66541.92, "eth": 1987.92, "btc_mom": -1.5028118352986322e-05, "eth_mom": 0.023145119901786016, "open_positions": [], "daily_trades": 0, "daily_pnl": 0.0, "trades": []}