{"ts": 1772371543.6518574, "mode": "LIVE", "balance": 198.91, "btc": 66252.98, "eth": 1973.88, "btc_mom": 0.00348675719052754, "eth_mom": 0.0010132430871596357, "open_positions": [], "daily_trades": 0, "daily_pnl": 0.0, "trades": []}