{"ts": 1772365632.879288, "mode": "LIVE", "balance": 198.91, "btc": 66473.05, "eth": 1985.23, "btc_mom": -0.01847023997624564, "eth_mom": -0.015612881130571302, "open_positions": [], "daily_trades": 0, "daily_pnl": 0.0, "trades": []}