{"ts": 1772343409.085505, "mode": "LIVE", "balance": 199.95, "btc": 67521.01, "eth": 2019.25, "btc_mom": -0.042043298379673084, "eth_mom": -0.05790875164570102, "open_positions": [], "daily_trades": 0, "daily_pnl": 0.0, "trades": []}