{"ts": 1772376763.2462482, "mode": "LIVE", "balance": 198.91, "btc": 66803.02, "eth": 1997.88, "btc_mom": -0.0222994071051511, "eth_mom": 0.00650732073583327, "open_positions": [], "daily_trades": 0, "daily_pnl": 0.0, "trades": []}