{"ts": 1772374453.4872005, "mode": "LIVE", "balance": 198.91, "btc": 67136.74, "eth": 2018.34, "btc_mom": -0.005525730018181069, "eth_mom": 0.008423472750057993, "open_positions": [], "daily_trades": 0, "daily_pnl": 0.0, "trades": []}