{"ts": 1772354682.8005326, "mode": "LIVE", "balance": 198.91, "btc": 67151.81, "eth": 2001.87, "btc_mom": -0.012194758784994533, "eth_mom": -0.022473930240922802, "open_positions": [], "daily_trades": 0, "daily_pnl": 0.0, "trades": []}