{"ts": 1772371723.6675963, "mode": "LIVE", "balance": 198.91, "btc": 66344.0, "eth": 1977.33, "btc_mom": 0.04522422938984574, "eth_mom": 0.05869940339140126, "open_positions": [], "daily_trades": 0, "daily_pnl": 0.0, "trades": []}