{"ts": 1772370553.3029792, "mode": "LIVE", "balance": 198.91, "btc": 66376.48, "eth": 1979.05, "btc_mom": -0.021388544295670855, "eth_mom": -0.02980339859773219, "open_positions": [], "daily_trades": 0, "daily_pnl": 0.0, "trades": []}