{"ts": 1772343860.592591, "mode": "LIVE", "balance": 199.95, "btc": 67424.18, "eth": 2016.08, "btc_mom": -0.07194018560391244, "eth_mom": -0.049576615701905725, "open_positions": [], "daily_trades": 0, "daily_pnl": 0.0, "trades": []}