{"ts": 1772361792.830851, "mode": "LIVE", "balance": 198.91, "btc": 66502.47, "eth": 1983.24, "btc_mom": -0.018882950214406686, "eth_mom": -0.02318899027070809, "open_positions": [], "daily_trades": 0, "daily_pnl": 0.0, "trades": []}