{"ts": 1772360203.138686, "mode": "LIVE", "balance": 198.91, "btc": 66490.64, "eth": 1981.76, "btc_mom": 0.005113763182219895, "eth_mom": -0.006559395324670346, "open_positions": [], "daily_trades": 0, "daily_pnl": 0.0, "trades": []}