{"ts": 1772382043.4500997, "mode": "LIVE", "balance": 198.43, "btc": 66956.7, "eth": 2000.85, "btc_mom": -0.0029719816800556262, "eth_mom": 0.0029988154678874564, "open_positions": [], "daily_trades": 0, "daily_pnl": 0.0, "trades": []}