{"ts": 1772343589.784596, "mode": "LIVE", "balance": 199.95, "btc": 67518.75, "eth": 2018.82, "btc_mom": -0.010025839119793633, "eth_mom": -0.018819334389862774, "open_positions": [], "daily_trades": 0, "daily_pnl": 0.0, "trades": []}