{"ts": 1772373943.3659155, "mode": "LIVE", "balance": 198.91, "btc": 67089.33, "eth": 2014.29, "btc_mom": 0.021021172793601783, "eth_mom": 0.06706608244656617, "open_positions": [], "daily_trades": 0, "daily_pnl": 0.0, "trades": []}