{"ts": 1772374003.3713207, "mode": "LIVE", "balance": 198.91, "btc": 67273.54, "eth": 2025.01, "btc_mom": 0.178322027691959, "eth_mom": 0.3389209035908728, "open_positions": [], "daily_trades": 0, "daily_pnl": 0.0, "trades": []}