{"ts": 1772366623.3733273, "mode": "LIVE", "balance": 198.91, "btc": 66495.76, "eth": 1983.5, "btc_mom": 0.0, "eth_mom": -0.000504156772589546, "open_positions": [], "daily_trades": 0, "daily_pnl": 0.0, "trades": []}