{"ts": 1772347868.49605, "mode": "LIVE", "balance": 198.39, "btc": 66868.58, "eth": 1995.91, "btc_mom": -0.0030805746737247795, "eth_mom": -0.001503051193922298, "open_positions": [], "daily_trades": 0, "daily_pnl": 0.0, "trades": []}