{"ts": 1772344643.409651, "mode": "LIVE", "balance": 199.95, "btc": 67320.34, "eth": 2010.6, "btc_mom": 0.0029709585827576855, "eth_mom": 0.004973887092758471, "open_positions": [], "daily_trades": 0, "daily_pnl": 0.0, "trades": []}