{"ts": 1772380393.9445927, "mode": "LIVE", "balance": 198.91, "btc": 67211.44, "eth": 2007.79, "btc_mom": -0.008450228156149825, "eth_mom": -0.01991843401272245, "open_positions": [], "daily_trades": 0, "daily_pnl": 0.0, "trades": []}