{"ts": 1772347273.380432, "mode": "LIVE", "balance": 199.95, "btc": 66944.99, "eth": 1996.44, "btc_mom": 0.043158515938844406, "eth_mom": -0.017027414136756083, "open_positions": [], "daily_trades": 0, "daily_pnl": 0.0, "trades": []}