{"ts": 1772362362.9482555, "mode": "LIVE", "balance": 198.91, "btc": 66467.36, "eth": 1982.5, "btc_mom": 0.01709401709401797, "eth_mom": 0.044408110535829735, "open_positions": [], "daily_trades": 0, "daily_pnl": 0.0, "trades": []}