{"ts": 1772344221.8874931, "mode": "LIVE", "balance": 199.95, "btc": 67434.88, "eth": 2014.15, "btc_mom": 0.008913096126346644, "eth_mom": 0.0039720565819536865, "open_positions": [], "daily_trades": 0, "daily_pnl": 0.0, "trades": []}