{"ts": 1772365032.8995938, "mode": "LIVE", "balance": 198.91, "btc": 66492.82, "eth": 1985.59, "btc_mom": -0.013368077302071507, "eth_mom": -0.013596124600927649, "open_positions": [], "daily_trades": 0, "daily_pnl": 0.0, "trades": []}