{"ts": 1772360893.3126738, "mode": "LIVE", "balance": 198.91, "btc": 66563.91, "eth": 1983.5, "btc_mom": -0.010199682442866903, "eth_mom": 0.009075691265154572, "open_positions": [], "daily_trades": 0, "daily_pnl": 0.0, "trades": []}