{"ts": 1772368333.006052, "mode": "LIVE", "balance": 198.91, "btc": 66430.44, "eth": 1982.73, "btc_mom": 0.021365253232457915, "eth_mom": 0.035822040140868226, "open_positions": [], "daily_trades": 0, "daily_pnl": 0.0, "trades": []}