{"ts": 1772368092.8871622, "mode": "LIVE", "balance": 198.91, "btc": 66458.85, "eth": 1982.25, "btc_mom": -0.004754595896195347, "eth_mom": -0.005044517870199967, "open_positions": [], "daily_trades": 0, "daily_pnl": 0.0, "trades": []}