{"ts": 1772358522.8128915, "mode": "LIVE", "balance": 198.91, "btc": 66279.95, "eth": 1977.79, "btc_mom": -0.007467764151408677, "eth_mom": -0.006067010126857048, "open_positions": [], "daily_trades": 0, "daily_pnl": 0.0, "trades": []}