{"ts": 1772348593.052868, "mode": "LIVE", "balance": 198.91, "btc": 66882.02, "eth": 1996.12, "btc_mom": -0.0763448648441777, "eth_mom": -0.08959362533848828, "open_positions": [], "daily_trades": 0, "daily_pnl": 0.0, "trades": []}