{"ts": 1772350753.5932245, "mode": "LIVE", "balance": 198.91, "btc": 67151.0, "eth": 2006.01, "btc_mom": -0.004467343717425618, "eth_mom": 0.004486719310835834, "open_positions": [], "daily_trades": 0, "daily_pnl": 0.0, "trades": []}