{"ts": 1772373463.2434933, "mode": "LIVE", "balance": 198.91, "btc": 67038.2, "eth": 2008.71, "btc_mom": -0.10401144423914126, "eth_mom": -0.1540900979714739, "open_positions": [], "daily_trades": 0, "daily_pnl": 0.0, "trades": []}