{"ts": 1772358852.9479995, "mode": "LIVE", "balance": 198.91, "btc": 66402.03, "eth": 1980.63, "btc_mom": 0.013585767537883996, "eth_mom": -0.0005048873091521379, "open_positions": [], "daily_trades": 0, "daily_pnl": 0.0, "trades": []}