{"ts": 1772342867.192018, "mode": "LIVE", "balance": 199.95, "btc": 67499.19, "eth": 2021.96, "btc_mom": -0.008029081273113426, "eth_mom": -0.006428991785720803, "open_positions": [], "daily_trades": 0, "daily_pnl": 0.0, "trades": []}