{"ts": 1772374723.5920765, "mode": "LIVE", "balance": 198.91, "btc": 67067.12, "eth": 2017.47, "btc_mom": -0.011926926109114678, "eth_mom": -0.01932740626207332, "open_positions": [], "daily_trades": 0, "daily_pnl": 0.0, "trades": []}