{"ts": 1772344914.342405, "mode": "LIVE", "balance": 199.95, "btc": 67306.15, "eth": 2009.39, "btc_mom": -0.06653208803558586, "eth_mom": -0.08005967180506714, "open_positions": [], "daily_trades": 0, "daily_pnl": 0.0, "trades": []}