{"ts": 1772366292.9042368, "mode": "LIVE", "balance": 198.91, "btc": 66472.01, "eth": 1984.3, "btc_mom": 0.009719320760893201, "eth_mom": 0.008567986976652002, "open_positions": [], "daily_trades": 0, "daily_pnl": 0.0, "trades": []}