{"ts": 1772373583.2526433, "mode": "LIVE", "balance": 198.91, "btc": 66954.0, "eth": 2006.7, "btc_mom": -0.011947074460141573, "eth_mom": -0.04632327669939499, "open_positions": [], "daily_trades": 0, "daily_pnl": 0.0, "trades": []}