{"ts": 1772367942.8776329, "mode": "LIVE", "balance": 198.91, "btc": 66481.57, "eth": 1983.69, "btc_mom": -0.011385317963192835, "eth_mom": -0.015624999999997249, "open_positions": [], "daily_trades": 0, "daily_pnl": 0.0, "trades": []}