{"ts": 1772344282.1797628, "mode": "LIVE", "balance": 199.95, "btc": 67407.55, "eth": 2013.4, "btc_mom": -0.02399748575166787, "eth_mom": -0.031776925979616726, "open_positions": [], "daily_trades": 0, "daily_pnl": 0.0, "trades": []}