{"ts": 1772378662.0804703, "mode": "LIVE", "balance": 198.91, "btc": 67059.85, "eth": 2007.54, "btc_mom": -0.006158298389075782, "eth_mom": -0.019920913971537543, "open_positions": [], "daily_trades": 0, "daily_pnl": 0.0, "trades": []}