{"ts": 1772355132.8935404, "mode": "LIVE", "balance": 198.91, "btc": 66731.49, "eth": 1989.18, "btc_mom": 0.062228229453925546, "eth_mom": 0.05885282267192181, "open_positions": [], "daily_trades": 0, "daily_pnl": 0.0, "trades": []}