{"ts": 1772382343.630643, "mode": "LIVE", "balance": 198.43, "btc": 67006.96, "eth": 2005.88, "btc_mom": 0.12484420623516182, "eth_mom": 0.20932312196194486, "open_positions": [], "daily_trades": 0, "daily_pnl": 0.0, "trades": []}