{"ts": 1772377183.2961152, "mode": "LIVE", "balance": 198.91, "btc": 66899.08, "eth": 2002.56, "btc_mom": -0.014527237074945545, "eth_mom": -0.0014980600122827298, "open_positions": [], "daily_trades": 0, "daily_pnl": 0.0, "trades": []}