{"ts": 1772379883.7631762, "mode": "LIVE", "balance": 198.91, "btc": 67205.76, "eth": 2013.69, "btc_mom": 0.01695082489797794, "eth_mom": 0.02533305516645262, "open_positions": [], "daily_trades": 0, "daily_pnl": 0.0, "trades": []}