{"ts": 1772357622.6858869, "mode": "LIVE", "balance": 198.91, "btc": 66476.46, "eth": 1983.29, "btc_mom": -0.10616539170520581, "eth_mom": -0.19726148721071618, "open_positions": [], "daily_trades": 0, "daily_pnl": 0.0, "trades": []}