{"ts": 1772371003.473, "mode": "LIVE", "balance": 198.91, "btc": 66374.62, "eth": 1980.19, "btc_mom": 0.002546218767202726, "eth_mom": 0.009090863177461916, "open_positions": [], "daily_trades": 0, "daily_pnl": 0.0, "trades": []}