{"ts": 1772376703.2422383, "mode": "LIVE", "balance": 198.91, "btc": 66844.23, "eth": 1998.99, "btc_mom": -0.0503903156093454, "eth_mom": -0.06998635266123561, "open_positions": [], "daily_trades": 0, "daily_pnl": 0.0, "trades": []}