{"ts": 1772349973.3362308, "mode": "LIVE", "balance": 198.91, "btc": 66970.04, "eth": 1998.09, "btc_mom": -0.03389919058406529, "eth_mom": -0.05052273523085343, "open_positions": [], "daily_trades": 0, "daily_pnl": 0.0, "trades": []}