{"ts": 1772369923.3379073, "mode": "LIVE", "balance": 198.91, "btc": 66325.37, "eth": 1977.67, "btc_mom": -0.021405022673513924, "eth_mom": -0.035382663505806204, "open_positions": [], "daily_trades": 0, "daily_pnl": 0.0, "trades": []}