{"ts": 1772378293.7049925, "mode": "LIVE", "balance": 198.91, "btc": 67230.37, "eth": 2012.92, "btc_mom": 0.00798809966529616, "eth_mom": 0.030313420894401328, "open_positions": [], "daily_trades": 0, "daily_pnl": 0.0, "trades": []}