{"ts": 1772367583.3954468, "mode": "LIVE", "balance": 198.91, "btc": 66532.01, "eth": 1986.63, "btc_mom": 0.015032618527311487, "eth_mom": 0.023663753171951265, "open_positions": [], "daily_trades": 0, "daily_pnl": 0.0, "trades": []}