{"ts": 1772340966.6020896, "mode": "PAPER", "balance": 199.95, "btc": 67327.88, "eth": 2015.83, "btc_mom": -0.0075445962868730945, "eth_mom": -0.0064485406456531455, "open_positions": [], "daily_trades": 0, "daily_pnl": 0.0, "trades": []}