{"ts": 1772366593.3710592, "mode": "LIVE", "balance": 198.91, "btc": 66502.3, "eth": 1984.23, "btc_mom": -0.039261416399179995, "eth_mom": -0.022673680391803487, "open_positions": [], "daily_trades": 0, "daily_pnl": 0.0, "trades": []}