{"ts": 1772370523.3007922, "mode": "LIVE", "balance": 198.91, "btc": 66405.5, "eth": 1980.15, "btc_mom": -0.01615568965597103, "eth_mom": -0.011109035180284488, "open_positions": [], "daily_trades": 0, "daily_pnl": 0.0, "trades": []}