{"ts": 1772340936.5998619, "mode": "PAPER", "balance": 199.95, "btc": 67342.19, "eth": 2015.81, "btc_mom": 0.01370799679680787, "eth_mom": 0.0, "open_positions": [], "daily_trades": 0, "daily_pnl": 0.0, "trades": []}