{"ts": 1772342596.147263, "mode": "LIVE", "balance": 199.95, "btc": 67515.32, "eth": 2021.13, "btc_mom": 0.004873205560561798, "eth_mom": 0.004453152832212402, "open_positions": [], "daily_trades": 0, "daily_pnl": 0.0, "trades": []}