{"ts": 1772368873.0096953, "mode": "LIVE", "balance": 198.91, "btc": 66362.33, "eth": 1980.84, "btc_mom": 0.01256895026206639, "eth_mom": 0.019692494130115513, "open_positions": [], "daily_trades": 0, "daily_pnl": 0.0, "trades": []}