{"ts": 1772367523.3914843, "mode": "LIVE", "balance": 198.91, "btc": 66521.17, "eth": 1986.12, "btc_mom": -0.03182935378748656, "eth_mom": -0.010068871078177005, "open_positions": [], "daily_trades": 0, "daily_pnl": 0.0, "trades": []}