{"ts": 1772370733.435088, "mode": "LIVE", "balance": 198.91, "btc": 66370.34, "eth": 1980.55, "btc_mom": 0.026087731035037393, "eth_mom": 0.005049357469257444, "open_positions": [], "daily_trades": 0, "daily_pnl": 0.0, "trades": []}