{"ts": 1772361732.826554, "mode": "LIVE", "balance": 198.91, "btc": 66502.47, "eth": 1983.12, "btc_mom": 0.0, "eth_mom": -0.005042304938440335, "open_positions": [], "daily_trades": 0, "daily_pnl": 0.0, "trades": []}