{"ts": 1772351352.7426257, "mode": "LIVE", "balance": 198.91, "btc": 67092.17, "eth": 2004.29, "btc_mom": -0.011207205279195886, "eth_mom": -0.0239428961925816, "open_positions": [], "daily_trades": 0, "daily_pnl": 0.0, "trades": []}