{"ts": 1772344161.7404459, "mode": "LIVE", "balance": 199.95, "btc": 67427.29, "eth": 2014.21, "btc_mom": 0.04222625229546544, "eth_mom": 0.014399777548262277, "open_positions": [], "daily_trades": 0, "daily_pnl": 0.0, "trades": []}