{"ts": 1772351862.7699857, "mode": "LIVE", "balance": 198.91, "btc": 67106.36, "eth": 2005.57, "btc_mom": -0.010102343594710121, "eth_mom": -0.016451468168909446, "open_positions": [], "daily_trades": 0, "daily_pnl": 0.0, "trades": []}