{"ts": 1772347243.377682, "mode": "LIVE", "balance": 199.95, "btc": 66949.08, "eth": 1997.81, "btc_mom": 0.08753107502661873, "eth_mom": 0.14788005173295599, "open_positions": [], "daily_trades": 0, "daily_pnl": 0.0, "trades": []}