{"ts": 1772355282.9037113, "mode": "LIVE", "balance": 198.91, "btc": 66546.88, "eth": 1984.32, "btc_mom": 0.05551048294119896, "eth_mom": 0.06101527398883756, "open_positions": [], "daily_trades": 0, "daily_pnl": 0.0, "trades": []}