{"ts": 1772377423.4297502, "mode": "LIVE", "balance": 198.91, "btc": 66995.26, "eth": 2005.98, "btc_mom": 0.041886170858825324, "eth_mom": 0.021939228337507832, "open_positions": [], "daily_trades": 0, "daily_pnl": 0.0, "trades": []}