{"ts": 1772378173.6942363, "mode": "LIVE", "balance": 198.91, "btc": 67137.58, "eth": 2008.07, "btc_mom": 0.1032081297350959, "eth_mom": 0.11417004855966077, "open_positions": [], "daily_trades": 0, "daily_pnl": 0.0, "trades": []}