{"ts": 1772349372.934141, "mode": "LIVE", "balance": 198.91, "btc": 66998.44, "eth": 2001.61, "btc_mom": -0.004253649444646916, "eth_mom": -0.04045105422439712, "open_positions": [], "daily_trades": 0, "daily_pnl": 0.0, "trades": []}