{"ts": 1772370223.4155045, "mode": "LIVE", "balance": 198.91, "btc": 66339.57, "eth": 1979.37, "btc_mom": -0.02135523935801999, "eth_mom": -0.028788751174286278, "open_positions": [], "daily_trades": 0, "daily_pnl": 0.0, "trades": []}