{"ts": 1772359002.9358118, "mode": "LIVE", "balance": 198.91, "btc": 66423.68, "eth": 1980.3, "btc_mom": 0.006925720741677344, "eth_mom": 0.0, "open_positions": [], "daily_trades": 0, "daily_pnl": 0.0, "trades": []}