{"ts": 1772344011.206986, "mode": "LIVE", "balance": 199.95, "btc": 67373.33, "eth": 2013.94, "btc_mom": 0.0005491817488727575, "eth_mom": -0.013404759185982685, "open_positions": [], "daily_trades": 0, "daily_pnl": 0.0, "trades": []}