{"ts": 1772356963.3686059, "mode": "LIVE", "balance": 198.91, "btc": 66728.65, "eth": 1993.77, "btc_mom": 0.01777663463724886, "eth_mom": 0.025586225580204836, "open_positions": [], "daily_trades": 0, "daily_pnl": 0.0, "trades": []}