{"ts": 1772379343.7702124, "mode": "LIVE", "balance": 198.91, "btc": 67203.88, "eth": 2014.11, "btc_mom": 0.005639873398991206, "eth_mom": -0.018367022755257846, "open_positions": [], "daily_trades": 0, "daily_pnl": 0.0, "trades": []}