{"ts": 1772362963.05296, "mode": "LIVE", "balance": 198.91, "btc": 66458.86, "eth": 1985.2, "btc_mom": 0.005733198605670557, "eth_mom": -0.0050370221125224926, "open_positions": [], "daily_trades": 0, "daily_pnl": 0.0, "trades": []}