{"ts": 1772369023.020537, "mode": "LIVE", "balance": 198.91, "btc": 66517.01, "eth": 1985.05, "btc_mom": 0.0063296087369526625, "eth_mom": -0.03223061001465989, "open_positions": [], "daily_trades": 0, "daily_pnl": 0.0, "trades": []}