{"ts": 1772371872.9676874, "mode": "LIVE", "balance": 198.91, "btc": 66299.79, "eth": 1976.6, "btc_mom": 0.025692955453271465, "eth_mom": 0.01619203756552393, "open_positions": [], "daily_trades": 0, "daily_pnl": 0.0, "trades": []}