{"ts": 1772349943.33448, "mode": "LIVE", "balance": 198.91, "btc": 67000.68, "eth": 1999.72, "btc_mom": -0.008491729965378409, "eth_mom": -0.020498667586610963, "open_positions": [], "daily_trades": 0, "daily_pnl": 0.0, "trades": []}