{"ts": 1772357922.8882656, "mode": "LIVE", "balance": 198.91, "btc": 66335.81, "eth": 1979.17, "btc_mom": 0.007191203394374753, "eth_mom": -0.02626673873182073, "open_positions": [], "daily_trades": 0, "daily_pnl": 0.0, "trades": []}