{"ts": 1772364253.3361397, "mode": "LIVE", "balance": 198.91, "btc": 66529.85, "eth": 1986.27, "btc_mom": -0.004373785184905813, "eth_mom": -0.006041109751867369, "open_positions": [], "daily_trades": 0, "daily_pnl": 0.0, "trades": []}