{"ts": 1772380273.9350832, "mode": "LIVE", "balance": 198.91, "btc": 67212.86, "eth": 2011.24, "btc_mom": -0.013596739162773227, "eth_mom": -0.012925677355207103, "open_positions": [], "daily_trades": 0, "daily_pnl": 0.0, "trades": []}