{"ts": 1772369833.3318787, "mode": "LIVE", "balance": 198.91, "btc": 66359.43, "eth": 1978.39, "btc_mom": 0.03421935329039748, "eth_mom": 0.04095915209499352, "open_positions": [], "daily_trades": 0, "daily_pnl": 0.0, "trades": []}