{"ts": 1772367463.3870375, "mode": "LIVE", "balance": 198.91, "btc": 66512.79, "eth": 1985.18, "btc_mom": 0.014600827510533121, "eth_mom": 0.0025187267332595106, "open_positions": [], "daily_trades": 0, "daily_pnl": 0.0, "trades": []}