{"ts": 1772380453.9499187, "mode": "LIVE", "balance": 198.91, "btc": 67123.53, "eth": 2005.18, "btc_mom": -0.08085998584355852, "eth_mom": -0.09765138455713285, "open_positions": [], "daily_trades": 0, "daily_pnl": 0.0, "trades": []}