{"ts": 1772343078.082004, "mode": "LIVE", "balance": 199.95, "btc": 67513.6, "eth": 2019.7, "btc_mom": 0.0058806425098184715, "eth_mom": -0.02672949748544547, "open_positions": [], "daily_trades": 0, "daily_pnl": 0.0, "trades": []}