{"ts": 1772353902.7853985, "mode": "LIVE", "balance": 198.91, "btc": 67220.96, "eth": 2006.65, "btc_mom": 0.0014430231245216847, "eth_mom": 0.002990147464114383, "open_positions": [], "daily_trades": 0, "daily_pnl": 0.0, "trades": []}