{"ts": 1772359483.105325, "mode": "LIVE", "balance": 198.91, "btc": 66367.65, "eth": 1980.15, "btc_mom": 0.0038273122729602905, "eth_mom": 0.005555443324383716, "open_positions": [], "daily_trades": 0, "daily_pnl": 0.0, "trades": []}