{"ts": 1772360443.292471, "mode": "LIVE", "balance": 198.91, "btc": 66458.86, "eth": 1979.1, "btc_mom": 0.0, "eth_mom": -0.00959940180570076, "open_positions": [], "daily_trades": 0, "daily_pnl": 0.0, "trades": []}