{"ts": 1772374423.4844196, "mode": "LIVE", "balance": 198.91, "btc": 67148.94, "eth": 2018.26, "btc_mom": 0.04566564493822583, "eth_mom": 0.017840329054953166, "open_positions": [], "daily_trades": 0, "daily_pnl": 0.0, "trades": []}