{"ts": 1772375803.066257, "mode": "LIVE", "balance": 198.91, "btc": 66970.05, "eth": 2006.87, "btc_mom": -0.038151753525339456, "eth_mom": -0.08712449343330247, "open_positions": [], "daily_trades": 0, "daily_pnl": 0.0, "trades": []}