{"ts": 1772375382.8311641, "mode": "LIVE", "balance": 198.91, "btc": 66941.62, "eth": 2007.81, "btc_mom": 0.05628964264594941, "eth_mom": 0.033879220578629, "open_positions": [], "daily_trades": 0, "daily_pnl": 0.0, "trades": []}