{"ts": 1772347133.1130884, "mode": "LIVE", "balance": 199.95, "btc": 66876.32, "eth": 1996.87, "btc_mom": 0.00604136721524696, "eth_mom": 0.05912741958920655, "open_positions": [], "daily_trades": 0, "daily_pnl": 0.0, "trades": []}