{"ts": 1772365662.8827934, "mode": "LIVE", "balance": 198.91, "btc": 66483.94, "eth": 1985.3, "btc_mom": -0.004933278906831773, "eth_mom": -0.010073029463613471, "open_positions": [], "daily_trades": 0, "daily_pnl": 0.0, "trades": []}