{"ts": 1772379373.7721622, "mode": "LIVE", "balance": 198.91, "btc": 67200.0, "eth": 2013.91, "btc_mom": 0.0, "eth_mom": -0.01936156481159076, "open_positions": [], "daily_trades": 0, "daily_pnl": 0.0, "trades": []}