{"ts": 1772344252.038999, "mode": "LIVE", "balance": 199.95, "btc": 67407.41, "eth": 2013.6, "btc_mom": -0.04396692263867105, "eth_mom": -0.030284826309080352, "open_positions": [], "daily_trades": 0, "daily_pnl": 0.0, "trades": []}