{"ts": 1772359663.0640082, "mode": "LIVE", "balance": 198.91, "btc": 66397.08, "eth": 1977.85, "btc_mom": -0.037367193651480064, "eth_mom": -0.05861516616894719, "open_positions": [], "daily_trades": 0, "daily_pnl": 0.0, "trades": []}