{"ts": 1772380874.1965454, "mode": "LIVE", "balance": 198.43, "btc": 66808.0, "eth": 1990.06, "btc_mom": -0.02576871426686087, "eth_mom": -0.07381259634552466, "open_positions": [], "daily_trades": 0, "daily_pnl": 0.0, "trades": []}