{"ts": 1772342656.447532, "mode": "LIVE", "balance": 199.95, "btc": 67514.14, "eth": 2021.81, "btc_mom": 0.0031549942002980754, "eth_mom": 0.020282972197479692, "open_positions": [], "daily_trades": 0, "daily_pnl": 0.0, "trades": []}