{"ts": 1772375532.9832056, "mode": "LIVE", "balance": 198.91, "btc": 66953.0, "eth": 2009.01, "btc_mom": 0.02242373874685326, "eth_mom": 0.012445488759234555, "open_positions": [], "daily_trades": 0, "daily_pnl": 0.0, "trades": []}