{"ts": 1772375262.820007, "mode": "LIVE", "balance": 198.91, "btc": 66933.12, "eth": 2007.6, "btc_mom": 0.05574338490156053, "eth_mom": 0.03487966515520544, "open_positions": [], "daily_trades": 0, "daily_pnl": 0.0, "trades": []}