{"ts": 1772371033.475213, "mode": "LIVE", "balance": 198.91, "btc": 66380.01, "eth": 1980.37, "btc_mom": 0.008120573797634425, "eth_mom": 0.009090036814640833, "open_positions": [], "daily_trades": 0, "daily_pnl": 0.0, "trades": []}