{"ts": 1772364432.872299, "mode": "LIVE", "balance": 198.91, "btc": 66586.65, "eth": 1988.7, "btc_mom": -0.009175171595231348, "eth_mom": -0.01256944619020086, "open_positions": [], "daily_trades": 0, "daily_pnl": 0.0, "trades": []}