{"ts": 1772372233.0025113, "mode": "LIVE", "balance": 198.91, "btc": 66257.82, "eth": 1973.47, "btc_mom": -0.087716401428974, "eth_mom": -0.08758606723369877, "open_positions": [], "daily_trades": 0, "daily_pnl": 0.0, "trades": []}