{"ts": 1772360803.3043106, "mode": "LIVE", "balance": 198.91, "btc": 66607.76, "eth": 1984.13, "btc_mom": 0.05302492952789841, "eth_mom": 0.08020014728581241, "open_positions": [], "daily_trades": 0, "daily_pnl": 0.0, "trades": []}