{"ts": 1772380153.7705288, "mode": "LIVE", "balance": 198.91, "btc": 67196.63, "eth": 2010.24, "btc_mom": 0.01868002062393786, "eth_mom": 0.01691626449076661, "open_positions": [], "daily_trades": 0, "daily_pnl": 0.0, "trades": []}