{"ts": 1772341326.6232846, "mode": "PAPER", "balance": 199.95, "btc": 67410.22, "eth": 2017.17, "btc_mom": 0.07369295216876015, "eth_mom": 0.05059147384867107, "open_positions": [], "daily_trades": 0, "daily_pnl": 0.0, "trades": []}