{"ts": 1772379523.7835712, "mode": "LIVE", "balance": 198.91, "btc": 67142.0, "eth": 2012.21, "btc_mom": 0.000565967875074591, "eth_mom": -0.009441462929837734, "open_positions": [], "daily_trades": 0, "daily_pnl": 0.0, "trades": []}