{"ts": 1772352133.0658677, "mode": "LIVE", "balance": 198.91, "btc": 67131.02, "eth": 2006.74, "btc_mom": -0.004989992458395407, "eth_mom": -0.04283721856943116, "open_positions": [], "daily_trades": 0, "daily_pnl": 0.0, "trades": []}