{"ts": 1772371962.9762506, "mode": "LIVE", "balance": 198.91, "btc": 66314.02, "eth": 1976.7, "btc_mom": -0.00904704190378712, "eth_mom": -0.025793921738206407, "open_positions": [], "daily_trades": 0, "daily_pnl": 0.0, "trades": []}