{"ts": 1772347493.8241649, "mode": "LIVE", "balance": 199.95, "btc": 66949.07, "eth": 1995.1, "btc_mom": 0.16965489092055916, "eth_mom": 0.2215312278657076, "open_positions": [], "daily_trades": 0, "daily_pnl": 0.0, "trades": []}