{"ts": 1772348533.0459516, "mode": "LIVE", "balance": 198.91, "btc": 66939.25, "eth": 1998.35, "btc_mom": 0.01973820653366971, "eth_mom": 0.021522383278601558, "open_positions": [], "daily_trades": 0, "daily_pnl": 0.0, "trades": []}