{"ts": 1772378203.6969216, "mode": "LIVE", "balance": 198.91, "btc": 67140.44, "eth": 2007.82, "btc_mom": 0.021139271149516515, "eth_mom": 0.008965750831814284, "open_positions": [], "daily_trades": 0, "daily_pnl": 0.0, "trades": []}