{"ts": 1772358072.789387, "mode": "LIVE", "balance": 198.91, "btc": 66337.19, "eth": 1980.57, "btc_mom": -0.00785319795484012, "eth_mom": 0.0005049077028714559, "open_positions": [], "daily_trades": 0, "daily_pnl": 0.0, "trades": []}