{"ts": 1772362873.0465527, "mode": "LIVE", "balance": 198.91, "btc": 66496.92, "eth": 1986.12, "btc_mom": 0.0, "eth_mom": -0.007048422663704653, "open_positions": [], "daily_trades": 0, "daily_pnl": 0.0, "trades": []}