{"ts": 1772356243.1417093, "mode": "LIVE", "balance": 198.91, "btc": 66604.55, "eth": 1987.15, "btc_mom": -0.0075514663206085915, "eth_mom": 0.01157570511142966, "open_positions": [], "daily_trades": 0, "daily_pnl": 0.0, "trades": []}