{"ts": 1772363983.2454598, "mode": "LIVE", "balance": 198.91, "btc": 66626.4, "eth": 1988.28, "btc_mom": 0.048923458663262136, "eth_mom": 0.027166530834010667, "open_positions": [], "daily_trades": 0, "daily_pnl": 0.0, "trades": []}