{"ts": 1772380423.9470854, "mode": "LIVE", "balance": 198.91, "btc": 67191.25, "eth": 2007.63, "btc_mom": -0.01738019458376743, "eth_mom": -0.003486576679779665, "open_positions": [], "daily_trades": 0, "daily_pnl": 0.0, "trades": []}