{"ts": 1772343318.689693, "mode": "LIVE", "balance": 199.95, "btc": 67532.01, "eth": 2019.9, "btc_mom": 0.00838191313463402, "eth_mom": -0.0034653980009572588, "open_positions": [], "daily_trades": 0, "daily_pnl": 0.0, "trades": []}