{"ts": 1772362152.8274703, "mode": "LIVE", "balance": 198.91, "btc": 66524.77, "eth": 1984.7, "btc_mom": -0.0009019115564351898, "eth_mom": 0.005038798750384784, "open_positions": [], "daily_trades": 0, "daily_pnl": 0.0, "trades": []}