{"ts": 1772364942.8939142, "mode": "LIVE", "balance": 198.91, "btc": 66474.01, "eth": 1984.33, "btc_mom": 0.027100638016123092, "eth_mom": 0.02671640286319048, "open_positions": [], "daily_trades": 0, "daily_pnl": 0.0, "trades": []}