{"ts": 1772382403.6343331, "mode": "LIVE", "balance": 198.43, "btc": 66989.92, "eth": 2004.3, "btc_mom": 0.004239623521426083, "eth_mom": 0.004490547397723699, "open_positions": [], "daily_trades": 0, "daily_pnl": 0.0, "trades": []}