{"ts": 1772347463.8222265, "mode": "LIVE", "balance": 199.95, "btc": 66852.03, "eth": 1990.48, "btc_mom": 0.033263603961101076, "eth_mom": 0.02060229037169958, "open_positions": [], "daily_trades": 0, "daily_pnl": 0.0, "trades": []}