{"ts": 1772377243.4164698, "mode": "LIVE", "balance": 198.91, "btc": 66857.46, "eth": 2000.23, "btc_mom": 0.022755068837458946, "eth_mom": 0.0350082269333316, "open_positions": [], "daily_trades": 0, "daily_pnl": 0.0, "trades": []}