{"ts": 1772350483.4727166, "mode": "LIVE", "balance": 198.91, "btc": 67061.06, "eth": 2002.36, "btc_mom": 0.07226995866300578, "eth_mom": 0.0754679261313937, "open_positions": [], "daily_trades": 0, "daily_pnl": 0.0, "trades": []}