{"ts": 1772350183.3537838, "mode": "LIVE", "balance": 198.91, "btc": 66998.45, "eth": 2000.19, "btc_mom": 0.0, "eth_mom": 0.007499850003004488, "open_positions": [], "daily_trades": 0, "daily_pnl": 0.0, "trades": []}