{"ts": 1772352853.0073295, "mode": "LIVE", "balance": 198.91, "btc": 67250.95, "eth": 2008.44, "btc_mom": -0.025361237830579014, "eth_mom": -0.03235295581581032, "open_positions": [], "daily_trades": 0, "daily_pnl": 0.0, "trades": []}