{"ts": 1772354922.784448, "mode": "LIVE", "balance": 198.91, "btc": 67032.52, "eth": 1998.1, "btc_mom": 0.016949870757236342, "eth_mom": 0.014015276651548825, "open_positions": [], "daily_trades": 0, "daily_pnl": 0.0, "trades": []}