{"ts": 1772378602.07592, "mode": "LIVE", "balance": 198.91, "btc": 67040.38, "eth": 2007.48, "btc_mom": -0.030733217627715574, "eth_mom": -0.05426746391711108, "open_positions": [], "daily_trades": 0, "daily_pnl": 0.0, "trades": []}