{"ts": 1772367223.3329737, "mode": "LIVE", "balance": 198.91, "btc": 66516.0, "eth": 1985.08, "btc_mom": 0.009021199819576003, "eth_mom": -0.0030224568544371076, "open_positions": [], "daily_trades": 0, "daily_pnl": 0.0, "trades": []}