{"ts": 1772372563.1152704, "mode": "LIVE", "balance": 198.91, "btc": 66374.0, "eth": 1978.44, "btc_mom": 0.000527317693099326, "eth_mom": -0.015161163164435679, "open_positions": [], "daily_trades": 0, "daily_pnl": 0.0, "trades": []}