{"ts": 1772370943.4689238, "mode": "LIVE", "balance": 198.91, "btc": 66358.0, "eth": 1979.45, "btc_mom": 0.01804177280841245, "eth_mom": 0.007073171963972296, "open_positions": [], "daily_trades": 0, "daily_pnl": 0.0, "trades": []}