{"ts": 1772347013.8043, "mode": "LIVE", "balance": 199.95, "btc": 66919.27, "eth": 1996.29, "btc_mom": -0.04189861520969459, "eth_mom": -0.036554466154571225, "open_positions": [], "daily_trades": 0, "daily_pnl": 0.0, "trades": []}