{"ts": 1772374873.6232448, "mode": "LIVE", "balance": 198.91, "btc": 66980.26, "eth": 2014.0, "btc_mom": -0.0086137363268193, "eth_mom": -0.04367505757167221, "open_positions": [], "daily_trades": 0, "daily_pnl": 0.0, "trades": []}