{"ts": 1772376973.2804153, "mode": "LIVE", "balance": 198.91, "btc": 66850.76, "eth": 2000.87, "btc_mom": 0.041692294108757, "eth_mom": 0.06551441317089488, "open_positions": [], "daily_trades": 0, "daily_pnl": 0.0, "trades": []}