{"ts": 1772374483.5174298, "mode": "LIVE", "balance": 198.91, "btc": 67089.33, "eth": 2016.91, "btc_mom": -0.055000837973219495, "eth_mom": -0.060947208816039426, "open_positions": [], "daily_trades": 0, "daily_pnl": 0.0, "trades": []}