{"ts": 1772358582.8180883, "mode": "LIVE", "balance": 198.91, "btc": 66347.35, "eth": 1980.99, "btc_mom": 0.020291287002777016, "eth_mom": 0.022216051096920278, "open_positions": [], "daily_trades": 0, "daily_pnl": 0.0, "trades": []}