{"ts": 1772375652.99332, "mode": "LIVE", "balance": 198.91, "btc": 66978.74, "eth": 2008.26, "btc_mom": -0.01679355378318462, "eth_mom": -0.04976956690522879, "open_positions": [], "daily_trades": 0, "daily_pnl": 0.0, "trades": []}