{"ts": 1772355763.1504104, "mode": "LIVE", "balance": 198.91, "btc": 66559.36, "eth": 1985.58, "btc_mom": 0.17960557814317926, "eth_mom": 0.26814525292005364, "open_positions": [], "daily_trades": 0, "daily_pnl": 0.0, "trades": []}