{"ts": 1772341236.6174986, "mode": "PAPER", "balance": 199.95, "btc": 67371.45, "eth": 2016.7, "btc_mom": 0.05266128856201839, "eth_mom": 0.04514359134632486, "open_positions": [], "daily_trades": 0, "daily_pnl": 0.0, "trades": []}