{"ts": 1772343047.9302049, "mode": "LIVE", "balance": 199.95, "btc": 67513.33, "eth": 2019.7, "btc_mom": 0.08495905925074984, "eth_mom": -0.012376543973860739, "open_positions": [], "daily_trades": 0, "daily_pnl": 0.0, "trades": []}