{"ts": 1772352582.9774952, "mode": "LIVE", "balance": 198.91, "btc": 67127.91, "eth": 2006.47, "btc_mom": 0.015167378276958365, "eth_mom": 0.01844374657295839, "open_positions": [], "daily_trades": 0, "daily_pnl": 0.0, "trades": []}