{"ts": 1772368572.9224117, "mode": "LIVE", "balance": 198.91, "btc": 66330.0, "eth": 1979.3, "btc_mom": 0.015560991850393406, "eth_mom": 0.041445958513603186, "open_positions": [], "daily_trades": 0, "daily_pnl": 0.0, "trades": []}