{"ts": 1772355673.1412864, "mode": "LIVE", "balance": 198.91, "btc": 66527.01, "eth": 1984.42, "btc_mom": -0.014037439685241312, "eth_mom": -0.026700924456534054, "open_positions": [], "daily_trades": 0, "daily_pnl": 0.0, "trades": []}