{"ts": 1772354652.7982383, "mode": "LIVE", "balance": 198.91, "btc": 67188.73, "eth": 2003.31, "btc_mom": 0.004241962745730604, "eth_mom": 0.017973489103567237, "open_positions": [], "daily_trades": 0, "daily_pnl": 0.0, "trades": []}