{"ts": 1772351922.7745776, "mode": "LIVE", "balance": 198.91, "btc": 67123.4, "eth": 2007.45, "btc_mom": 0.02245622860827029, "eth_mom": 0.04285878031885574, "open_positions": [], "daily_trades": 0, "daily_pnl": 0.0, "trades": []}