{"ts": 1772376403.167699, "mode": "LIVE", "balance": 198.91, "btc": 66851.99, "eth": 1999.63, "btc_mom": -0.008974245262234178, "eth_mom": -0.02649788016958507, "open_positions": [], "daily_trades": 0, "daily_pnl": 0.0, "trades": []}