{"ts": 1772361852.836023, "mode": "LIVE", "balance": 198.91, "btc": 66399.2, "eth": 1981.1, "btc_mom": -0.020568305596240687, "eth_mom": -0.004037997557019282, "open_positions": [], "daily_trades": 0, "daily_pnl": 0.0, "trades": []}