{"ts": 1772381098.2146466, "mode": "LIVE", "balance": 198.43, "btc": 66955.83, "eth": 2002.32, "btc_mom": 0.04780060438851871, "eth_mom": 0.03197314256024303, "open_positions": [], "daily_trades": 0, "daily_pnl": 0.0, "trades": []}