{"ts": 1772358822.94602, "mode": "LIVE", "balance": 198.91, "btc": 66393.52, "eth": 1980.25, "btc_mom": -0.02189493263316772, "eth_mom": -0.032813367661168706, "open_positions": [], "daily_trades": 0, "daily_pnl": 0.0, "trades": []}