{"ts": 1772355252.9015949, "mode": "LIVE", "balance": 198.91, "btc": 66580.96, "eth": 1984.69, "btc_mom": 0.076025418763581, "eth_mom": 0.06857154381772712, "open_positions": [], "daily_trades": 0, "daily_pnl": 0.0, "trades": []}