{"ts": 1772359152.9467993, "mode": "LIVE", "balance": 198.91, "btc": 66394.0, "eth": 1980.36, "btc_mom": 0.026394891684530537, "eth_mom": 0.028285685422767222, "open_positions": [], "daily_trades": 0, "daily_pnl": 0.0, "trades": []}