{"ts": 1772344763.8425028, "mode": "LIVE", "balance": 199.95, "btc": 67319.72, "eth": 2011.37, "btc_mom": -0.003951137794004746, "eth_mom": 0.013425488538609805, "open_positions": [], "daily_trades": 0, "daily_pnl": 0.0, "trades": []}