{"ts": 1772350962.6643538, "mode": "LIVE", "balance": 198.91, "btc": 67123.4, "eth": 2005.8, "btc_mom": -0.00424573099198275, "eth_mom": 0.007478872186067537, "open_positions": [], "daily_trades": 0, "daily_pnl": 0.0, "trades": []}