{"ts": 1772351532.8315918, "mode": "LIVE", "balance": 198.91, "btc": 67158.47, "eth": 2006.7, "btc_mom": -0.017120746071495937, "eth_mom": -0.006477878046465409, "open_positions": [], "daily_trades": 0, "daily_pnl": 0.0, "trades": []}