{"ts": 1772356573.2193987, "mode": "LIVE", "balance": 198.91, "btc": 66643.45, "eth": 1991.34, "btc_mom": -0.03985299539434214, "eth_mom": -0.06824910924876436, "open_positions": [], "daily_trades": 0, "daily_pnl": 0.0, "trades": []}