{"ts": 1772369863.3341641, "mode": "LIVE", "balance": 198.91, "btc": 66337.45, "eth": 1978.08, "btc_mom": -0.0031956794414101496, "eth_mom": -0.0020221220148405367, "open_positions": [], "daily_trades": 0, "daily_pnl": 0.0, "trades": []}