{"ts": 1772351022.6688814, "mode": "LIVE", "balance": 198.91, "btc": 67110.0, "eth": 2005.2, "btc_mom": 0.005439127593728729, "eth_mom": 0.019453215017886986, "open_positions": [], "daily_trades": 0, "daily_pnl": 0.0, "trades": []}