{"ts": 1772379142.2112617, "mode": "LIVE", "balance": 198.91, "btc": 67121.59, "eth": 2011.12, "btc_mom": 0.0, "eth_mom": -0.0004972328989283775, "open_positions": [], "daily_trades": 0, "daily_pnl": 0.0, "trades": []}