{"ts": 1772369143.0287144, "mode": "LIVE", "balance": 198.91, "btc": 66492.92, "eth": 1983.87, "btc_mom": 0.021269945086235666, "eth_mom": 0.005040906959975655, "open_positions": [], "daily_trades": 0, "daily_pnl": 0.0, "trades": []}