{"ts": 1772360473.2940724, "mode": "LIVE", "balance": 198.91, "btc": 66448.01, "eth": 1978.94, "btc_mom": -0.01331690964635678, "eth_mom": -0.007579240964274671, "open_positions": [], "daily_trades": 0, "daily_pnl": 0.0, "trades": []}