{"ts": 1772376433.170253, "mode": "LIVE", "balance": 198.91, "btc": 66883.12, "eth": 2001.42, "btc_mom": 0.0526568365926675, "eth_mom": 0.08250948859119253, "open_positions": [], "daily_trades": 0, "daily_pnl": 0.0, "trades": []}