{"ts": 1772375023.6388798, "mode": "LIVE", "balance": 198.91, "btc": 66843.06, "eth": 2007.36, "btc_mom": 0.10330355730845851, "eth_mom": 0.14517698121678538, "open_positions": [], "daily_trades": 0, "daily_pnl": 0.0, "trades": []}