{"ts": 1772362573.0284607, "mode": "LIVE", "balance": 198.91, "btc": 66494.98, "eth": 1984.6, "btc_mom": 0.023180053661581955, "eth_mom": 0.006046924131253067, "open_positions": [], "daily_trades": 0, "daily_pnl": 0.0, "trades": []}