{"ts": 1772379583.7890208, "mode": "LIVE", "balance": 198.91, "btc": 67208.6, "eth": 2015.01, "btc_mom": 0.012738087655918395, "eth_mom": 0.03673787526002021, "open_positions": [], "daily_trades": 0, "daily_pnl": 0.0, "trades": []}