{"ts": 1772375893.073693, "mode": "LIVE", "balance": 198.91, "btc": 66930.0, "eth": 2007.01, "btc_mom": 0.032791266104565474, "eth_mom": 0.06830737320754926, "open_positions": [], "daily_trades": 0, "daily_pnl": 0.0, "trades": []}