{"ts": 1772375053.6411004, "mode": "LIVE", "balance": 198.91, "btc": 66900.0, "eth": 2009.99, "btc_mom": 0.07569252678409354, "eth_mom": 0.07866919603068731, "open_positions": [], "daily_trades": 0, "daily_pnl": 0.0, "trades": []}