{"ts": 1772369083.0250998, "mode": "LIVE", "balance": 198.91, "btc": 66487.24, "eth": 1983.85, "btc_mom": -0.004286353048990111, "eth_mom": -0.018143240886807712, "open_positions": [], "daily_trades": 0, "daily_pnl": 0.0, "trades": []}