{"ts": 1772371992.9779685, "mode": "LIVE", "balance": 198.91, "btc": 66326.97, "eth": 1976.4, "btc_mom": 0.019543381556938577, "eth_mom": 0.013156962563380675, "open_positions": [], "daily_trades": 0, "daily_pnl": 0.0, "trades": []}