{"ts": 1772378962.1499908, "mode": "LIVE", "balance": 198.91, "btc": 67091.63, "eth": 2008.22, "btc_mom": -0.11918711588170204, "eth_mom": -0.16802545237621205, "open_positions": [], "daily_trades": 0, "daily_pnl": 0.0, "trades": []}