{"ts": 1772370343.28693, "mode": "LIVE", "balance": 198.91, "btc": 66358.65, "eth": 1979.47, "btc_mom": 0.0038579729456598055, "eth_mom": -0.010607774993940252, "open_positions": [], "daily_trades": 0, "daily_pnl": 0.0, "trades": []}