{"ts": 1772381234.243505, "mode": "LIVE", "balance": 198.43, "btc": 66874.0, "eth": 2000.84, "btc_mom": -0.06712600860862407, "eth_mom": -0.050952614068915006, "open_positions": [], "daily_trades": 0, "daily_pnl": 0.0, "trades": []}