{"ts": 1772377723.495486, "mode": "LIVE", "balance": 198.91, "btc": 66929.61, "eth": 2003.49, "btc_mom": 0.05239588989000438, "eth_mom": 0.09442446043165968, "open_positions": [], "daily_trades": 0, "daily_pnl": 0.0, "trades": []}