{"ts": 1772366443.3599222, "mode": "LIVE", "balance": 198.91, "btc": 66461.68, "eth": 1982.86, "btc_mom": -0.008485372962252682, "eth_mom": -0.019160565539224156, "open_positions": [], "daily_trades": 0, "daily_pnl": 0.0, "trades": []}