{"ts": 1772340459.6378238, "mode": "PAPER", "balance": 199.95, "btc": 67412.01, "eth": 2016.73, "btc_mom": 0.02967710860679182, "eth_mom": 0.0416689402695543, "open_positions": [], "daily_trades": 0, "daily_pnl": 0.0, "trades": []}