{"ts": 1772340845.5071707, "mode": "PAPER", "balance": 199.95, "btc": 67350.6, "eth": 2016.1, "btc_mom": -0.012648621300262716, "eth_mom": -0.04561184321425037, "open_positions": [], "daily_trades": 0, "daily_pnl": 0.0, "trades": []}