{"ts": 1772341356.6254199, "mode": "PAPER", "balance": 199.95, "btc": 67370.49, "eth": 2016.01, "btc_mom": 0.012633239106108987, "eth_mom": -0.03520568051093044, "open_positions": [], "daily_trades": 0, "daily_pnl": 0.0, "trades": []}