{"ts": 1772378872.1435552, "mode": "LIVE", "balance": 198.91, "btc": 67170.0, "eth": 2010.56, "btc_mom": 0.008933357155619081, "eth_mom": -0.01591343093571788, "open_positions": [], "daily_trades": 0, "daily_pnl": 0.0, "trades": []}