{"ts": 1772355462.9119232, "mode": "LIVE", "balance": 198.91, "btc": 66529.85, "eth": 1984.32, "btc_mom": -0.025260471374517774, "eth_mom": -0.057920794572574305, "open_positions": [], "daily_trades": 0, "daily_pnl": 0.0, "trades": []}