{"ts": 1772350333.4615612, "mode": "LIVE", "balance": 198.91, "btc": 66951.18, "eth": 1999.79, "btc_mom": 0.031226524078480145, "eth_mom": 0.04652652011646957, "open_positions": [], "daily_trades": 0, "daily_pnl": 0.0, "trades": []}