{"ts": 1772377753.498813, "mode": "LIVE", "balance": 198.91, "btc": 66945.81, "eth": 2003.67, "btc_mom": 0.042096523427900705, "eth_mom": 0.03095279698460439, "open_positions": [], "daily_trades": 0, "daily_pnl": 0.0, "trades": []}