{"ts": 1772368182.8945234, "mode": "LIVE", "balance": 198.91, "btc": 66417.98, "eth": 1980.51, "btc_mom": -0.015249568292707193, "eth_mom": -0.01968802059670352, "open_positions": [], "daily_trades": 0, "daily_pnl": 0.0, "trades": []}