{"ts": 1772347403.818209, "mode": "LIVE", "balance": 199.95, "btc": 66853.6, "eth": 1991.26, "btc_mom": 0.01325459564956133, "eth_mom": 0.05426644826095767, "open_positions": [], "daily_trades": 0, "daily_pnl": 0.0, "trades": []}