{"ts": 1772377453.4317973, "mode": "LIVE", "balance": 198.91, "btc": 66947.32, "eth": 2004.54, "btc_mom": -0.03086549260325456, "eth_mom": -0.05085861305570424, "open_positions": [], "daily_trades": 0, "daily_pnl": 0.0, "trades": []}