{"ts": 1772378233.7004623, "mode": "LIVE", "balance": 198.91, "btc": 67240.01, "eth": 2012.21, "btc_mom": 0.07633721850928786, "eth_mom": 0.14382975334939682, "open_positions": [], "daily_trades": 0, "daily_pnl": 0.0, "trades": []}