{"ts": 1772364732.7885187, "mode": "LIVE", "balance": 198.91, "btc": 66577.0, "eth": 1988.41, "btc_mom": 0.0, "eth_mom": -0.007040305750414758, "open_positions": [], "daily_trades": 0, "daily_pnl": 0.0, "trades": []}