{"ts": 1772381174.238639, "mode": "LIVE", "balance": 198.43, "btc": 66878.98, "eth": 2000.59, "btc_mom": -0.03635097222410103, "eth_mom": -0.029982160614441224, "open_positions": [], "daily_trades": 0, "daily_pnl": 0.0, "trades": []}