{"ts": 1772377123.292104, "mode": "LIVE", "balance": 198.91, "btc": 66865.02, "eth": 2001.55, "btc_mom": -0.007477192320265494, "eth_mom": -0.02697181445389386, "open_positions": [], "daily_trades": 0, "daily_pnl": 0.0, "trades": []}