{"ts": 1772369293.039596, "mode": "LIVE", "balance": 198.91, "btc": 66370.8, "eth": 1977.93, "btc_mom": -0.012835322808374768, "eth_mom": -0.01415421011924784, "open_positions": [], "daily_trades": 0, "daily_pnl": 0.0, "trades": []}