{"ts": 1772346923.481407, "mode": "LIVE", "balance": 199.95, "btc": 66930.0, "eth": 1996.85, "btc_mom": 0.04134384537222987, "eth_mom": 0.02254057303144751, "open_positions": [], "daily_trades": 0, "daily_pnl": 0.0, "trades": []}