{"ts": 1772380363.942256, "mode": "LIVE", "balance": 198.91, "btc": 67210.95, "eth": 2008.38, "btc_mom": -0.036275565796200955, "eth_mom": -0.04578709003134651, "open_positions": [], "daily_trades": 0, "daily_pnl": 0.0, "trades": []}