{"ts": 1772378752.089057, "mode": "LIVE", "balance": 198.91, "btc": 67083.66, "eth": 2007.82, "btc_mom": -0.033663034367136455, "eth_mom": -0.03236294293666776, "open_positions": [], "daily_trades": 0, "daily_pnl": 0.0, "trades": []}