{"ts": 1772359423.1008768, "mode": "LIVE", "balance": 198.91, "btc": 66294.3, "eth": 1975.77, "btc_mom": -0.043815632983608896, "eth_mom": -0.017205519935626974, "open_positions": [], "daily_trades": 0, "daily_pnl": 0.0, "trades": []}