{"ts": 1772374363.4784708, "mode": "LIVE", "balance": 198.91, "btc": 67117.5, "eth": 2016.71, "btc_mom": 0.08087885975123375, "eth_mom": 0.05209211871049455, "open_positions": [], "daily_trades": 0, "daily_pnl": 0.0, "trades": []}