{"ts": 1772365302.8133578, "mode": "LIVE", "balance": 198.91, "btc": 66513.3, "eth": 1987.56, "btc_mom": 0.004946623824005062, "eth_mom": 0.02566618857099675, "open_positions": [], "daily_trades": 0, "daily_pnl": 0.0, "trades": []}