{"ts": 1772381264.2462275, "mode": "LIVE", "balance": 198.43, "btc": 66882.0, "eth": 2001.29, "btc_mom": 0.016973066659297945, "eth_mom": 0.03348961821835595, "open_positions": [], "daily_trades": 0, "daily_pnl": 0.0, "trades": []}