{"ts": 1772368903.0123644, "mode": "LIVE", "balance": 198.91, "btc": 66373.33, "eth": 1980.8, "btc_mom": -0.012639021706577378, "eth_mom": -0.03280425950693133, "open_positions": [], "daily_trades": 0, "daily_pnl": 0.0, "trades": []}