{"ts": 1772378782.0909815, "mode": "LIVE", "balance": 198.91, "btc": 67091.63, "eth": 2007.84, "btc_mom": 0.002325232333186821, "eth_mom": 0.0009961052285554386, "open_positions": [], "daily_trades": 0, "daily_pnl": 0.0, "trades": []}