{"ts": 1772341506.635683, "mode": "PAPER", "balance": 199.95, "btc": 67331.0, "eth": 2015.76, "btc_mom": -0.18208012533612916, "eth_mom": -0.16195896049092792, "open_positions": [], "daily_trades": 0, "daily_pnl": 0.0, "trades": []}