{"ts": 1772351682.843408, "mode": "LIVE", "balance": 198.91, "btc": 67119.18, "eth": 2004.94, "btc_mom": 0.006406924962077498, "eth_mom": -0.00448871089210227, "open_positions": [], "daily_trades": 0, "daily_pnl": 0.0, "trades": []}