{"ts": 1772382523.641729, "mode": "LIVE", "balance": 198.43, "btc": 67057.0, "eth": 2006.48, "btc_mom": 0.00787451835687263, "eth_mom": 0.016947969732915853, "open_positions": [], "daily_trades": 0, "daily_pnl": 0.0, "trades": []}