{"ts": 1772351742.7596502, "mode": "LIVE", "balance": 198.91, "btc": 67118.07, "eth": 2005.44, "btc_mom": 0.0019816218725786537, "eth_mom": 0.0024932806087571255, "open_positions": [], "daily_trades": 0, "daily_pnl": 0.0, "trades": []}