{"ts": 1772366172.894638, "mode": "LIVE", "balance": 198.91, "btc": 66498.98, "eth": 1984.86, "btc_mom": 0.02487874993756787, "eth_mom": 0.03729613128238258, "open_positions": [], "daily_trades": 0, "daily_pnl": 0.0, "trades": []}