{"ts": 1772364133.3268714, "mode": "LIVE", "balance": 198.91, "btc": 66640.11, "eth": 1988.92, "btc_mom": 0.03021616037711908, "eth_mom": 0.011565402350291808, "open_positions": [], "daily_trades": 0, "daily_pnl": 0.0, "trades": []}