{"ts": 1772353932.7877376, "mode": "LIVE", "balance": 198.91, "btc": 67214.6, "eth": 2006.56, "btc_mom": 0.008912548555914545, "eth_mom": 0.008971381293665022, "open_positions": [], "daily_trades": 0, "daily_pnl": 0.0, "trades": []}