{"ts": 1772358162.7974935, "mode": "LIVE", "balance": 198.91, "btc": 66362.28, "eth": 1981.73, "btc_mom": 0.03096090033211911, "eth_mom": 0.027256345933502773, "open_positions": [], "daily_trades": 0, "daily_pnl": 0.0, "trades": []}