{"ts": 1772355342.9033177, "mode": "LIVE", "balance": 198.91, "btc": 66593.34, "eth": 1985.14, "btc_mom": -0.043528942393797634, "eth_mom": -0.07701329360185499, "open_positions": [], "daily_trades": 0, "daily_pnl": 0.0, "trades": []}