{"ts": 1772369743.3254428, "mode": "LIVE", "balance": 198.91, "btc": 66365.12, "eth": 1978.65, "btc_mom": 0.021356137327345356, "eth_mom": 0.027804458824133356, "open_positions": [], "daily_trades": 0, "daily_pnl": 0.0, "trades": []}