{"ts": 1772344131.637318, "mode": "LIVE", "balance": 199.95, "btc": 67415.92, "eth": 2014.28, "btc_mom": 0.05057742560903909, "eth_mom": 0.0, "open_positions": [], "daily_trades": 0, "daily_pnl": 0.0, "trades": []}