{"ts": 1772350303.4591527, "mode": "LIVE", "balance": 198.91, "btc": 66938.81, "eth": 1998.63, "btc_mom": 0.003346451722863431, "eth_mom": 0.03653836528354863, "open_positions": [], "daily_trades": 0, "daily_pnl": 0.0, "trades": []}