{"ts": 1772381008.2062883, "mode": "LIVE", "balance": 198.43, "btc": 66981.41, "eth": 1998.28, "btc_mom": 0.012736498714104627, "eth_mom": 0.006005525083070968, "open_positions": [], "daily_trades": 0, "daily_pnl": 0.0, "trades": []}