{"ts": 1772364163.3289652, "mode": "LIVE", "balance": 198.91, "btc": 66632.08, "eth": 1988.99, "btc_mom": 0.012788268894673408, "eth_mom": 0.01759996781719713, "open_positions": [], "daily_trades": 0, "daily_pnl": 0.0, "trades": []}