{"ts": 1772373853.4073012, "mode": "LIVE", "balance": 198.91, "btc": 66942.02, "eth": 2008.74, "btc_mom": 0.07272768586783523, "eth_mom": 0.17504226447838855, "open_positions": [], "daily_trades": 0, "daily_pnl": 0.0, "trades": []}