{"ts": 1772359873.1892607, "mode": "LIVE", "balance": 198.91, "btc": 66399.82, "eth": 1976.31, "btc_mom": -0.0032830336435544336, "eth_mom": -0.034901365705617325, "open_positions": [], "daily_trades": 0, "daily_pnl": 0.0, "trades": []}