{"ts": 1772368752.938681, "mode": "LIVE", "balance": 198.91, "btc": 66340.85, "eth": 1980.5, "btc_mom": 0.03143848009651058, "eth_mom": 0.033336027153713525, "open_positions": [], "daily_trades": 0, "daily_pnl": 0.0, "trades": []}