{"ts": 1772360353.1509335, "mode": "LIVE", "balance": 198.91, "btc": 66444.64, "eth": 1979.02, "btc_mom": -0.029910695210022813, "eth_mom": -0.06312270548965544, "open_positions": [], "daily_trades": 0, "daily_pnl": 0.0, "trades": []}