{"ts": 1772365782.8929024, "mode": "LIVE", "balance": 198.91, "btc": 66442.3, "eth": 1983.99, "btc_mom": 0.013577532224818759, "eth_mom": 0.005544690203031431, "open_positions": [], "daily_trades": 0, "daily_pnl": 0.0, "trades": []}