{"ts": 1772363563.2765863, "mode": "LIVE", "balance": 198.91, "btc": 66502.24, "eth": 1985.26, "btc_mom": -0.001473612856634499, "eth_mom": -0.013598384310485455, "open_positions": [], "daily_trades": 0, "daily_pnl": 0.0, "trades": []}