{"ts": 1772362092.822855, "mode": "LIVE", "balance": 198.91, "btc": 66508.11, "eth": 1984.28, "btc_mom": 0.010105051939517601, "eth_mom": 0.009072123380881189, "open_positions": [], "daily_trades": 0, "daily_pnl": 0.0, "trades": []}