{"ts": 1772350693.5891697, "mode": "LIVE", "balance": 198.91, "btc": 67137.6, "eth": 2005.11, "btc_mom": -0.0042448330328308335, "eth_mom": -0.00498700884197348, "open_positions": [], "daily_trades": 0, "daily_pnl": 0.0, "trades": []}