{"ts": 1772343710.004413, "mode": "LIVE", "balance": 199.95, "btc": 67496.84, "eth": 2017.7, "btc_mom": 0.0062821701934592635, "eth_mom": 0.025282695234459363, "open_positions": [], "daily_trades": 0, "daily_pnl": 0.0, "trades": []}