{"ts": 1772379112.2098117, "mode": "LIVE", "balance": 198.91, "btc": 67123.32, "eth": 2010.84, "btc_mom": -0.01284038566440258, "eth_mom": -0.028835350150647532, "open_positions": [], "daily_trades": 0, "daily_pnl": 0.0, "trades": []}