{"ts": 1772344312.211277, "mode": "LIVE", "balance": 199.95, "btc": 67407.0, "eth": 2013.64, "btc_mom": -0.009434331711103826, "eth_mom": -0.020356992130277526, "open_positions": [], "daily_trades": 0, "daily_pnl": 0.0, "trades": []}