{"ts": 1772359243.0832782, "mode": "LIVE", "balance": 198.91, "btc": 66445.0, "eth": 1981.24, "btc_mom": -0.012444835295545386, "eth_mom": -0.014635155662541754, "open_positions": [], "daily_trades": 0, "daily_pnl": 0.0, "trades": []}