{"ts": 1772376133.0736058, "mode": "LIVE", "balance": 198.91, "btc": 66929.69, "eth": 2006.48, "btc_mom": -0.009411977024621447, "eth_mom": 0.006977880120024525, "open_positions": [], "daily_trades": 0, "daily_pnl": 0.0, "trades": []}