{"ts": 1772344041.259316, "mode": "LIVE", "balance": 199.95, "btc": 67408.0, "eth": 2014.6, "btc_mom": 0.023741690408357077, "eth_mom": 0.014893511393533959, "open_positions": [], "daily_trades": 0, "daily_pnl": 0.0, "trades": []}