{"ts": 1772362422.9545698, "mode": "LIVE", "balance": 198.91, "btc": 66478.73, "eth": 1982.8, "btc_mom": 0.0, "eth_mom": -0.013615253117639912, "open_positions": [], "daily_trades": 0, "daily_pnl": 0.0, "trades": []}