{"ts": 1772361223.6260738, "mode": "LIVE", "balance": 198.91, "btc": 66543.56, "eth": 1983.88, "btc_mom": -0.009256237291461921, "eth_mom": -0.008568332451291318, "open_positions": [], "daily_trades": 0, "daily_pnl": 0.0, "trades": []}