{"ts": 1772361073.6131656, "mode": "LIVE", "balance": 198.91, "btc": 66592.61, "eth": 1985.38, "btc_mom": -0.020883841401717868, "eth_mom": -0.03574863173369833, "open_positions": [], "daily_trades": 0, "daily_pnl": 0.0, "trades": []}