{"ts": 1772353633.5962632, "mode": "LIVE", "balance": 198.91, "btc": 67290.96, "eth": 2008.4, "btc_mom": 0.027202729905436932, "eth_mom": 0.011951238945104428, "open_positions": [], "daily_trades": 0, "daily_pnl": 0.0, "trades": []}