{"ts": 1772343198.312568, "mode": "LIVE", "balance": 199.95, "btc": 67518.02, "eth": 2019.47, "btc_mom": 0.012635260612987647, "eth_mom": -0.0024758358421780686, "open_positions": [], "daily_trades": 0, "daily_pnl": 0.0, "trades": []}