{"ts": 1772360623.3087037, "mode": "LIVE", "balance": 198.91, "btc": 66490.09, "eth": 1980.27, "btc_mom": -0.004271130780364932, "eth_mom": 0.014141485563057022, "open_positions": [], "daily_trades": 0, "daily_pnl": 0.0, "trades": []}