{"ts": 1772360983.3212154, "mode": "LIVE", "balance": 198.91, "btc": 66546.89, "eth": 1983.87, "btc_mom": -0.011043623967467468, "eth_mom": -0.004032359686491828, "open_positions": [], "daily_trades": 0, "daily_pnl": 0.0, "trades": []}