{"ts": 1772382073.4519072, "mode": "LIVE", "balance": 198.43, "btc": 66930.99, "eth": 1999.89, "btc_mom": -0.05901104829571931, "eth_mom": -0.08543165467624945, "open_positions": [], "daily_trades": 0, "daily_pnl": 0.0, "trades": []}