{"ts": 1772370373.2888842, "mode": "LIVE", "balance": 198.91, "btc": 66367.97, "eth": 1980.35, "btc_mom": 0.0, "eth_mom": 0.031317401867925976, "open_positions": [], "daily_trades": 0, "daily_pnl": 0.0, "trades": []}