{"ts": 1772346685.641302, "mode": "LIVE", "balance": 199.95, "btc": 67060.93, "eth": 2000.89, "btc_mom": -0.004234775348912027, "eth_mom": -0.008995187574639383, "open_positions": [], "daily_trades": 0, "daily_pnl": 0.0, "trades": []}