{"ts": 1772367732.7730021, "mode": "LIVE", "balance": 198.91, "btc": 66509.96, "eth": 1984.89, "btc_mom": -1.5035339806590365e-05, "eth_mom": -0.009067690308142097, "open_positions": [], "daily_trades": 0, "daily_pnl": 0.0, "trades": []}