{"ts": 1772354502.7869859, "mode": "LIVE", "balance": 198.91, "btc": 67225.0, "eth": 2004.79, "btc_mom": -0.017847316209824948, "eth_mom": 0.004489449792982399, "open_positions": [], "daily_trades": 0, "daily_pnl": 0.0, "trades": []}