{"ts": 1772363083.0625646, "mode": "LIVE", "balance": 198.91, "btc": 66470.89, "eth": 1985.79, "btc_mom": 0.010667461084073597, "eth_mom": 0.024177584357103838, "open_positions": [], "daily_trades": 0, "daily_pnl": 0.0, "trades": []}