{"ts": 1772351292.7355006, "mode": "LIVE", "balance": 198.91, "btc": 67095.0, "eth": 2004.57, "btc_mom": -0.012711700859848707, "eth_mom": -0.013966132129584394, "open_positions": [], "daily_trades": 0, "daily_pnl": 0.0, "trades": []}