{"ts": 1772377393.4275053, "mode": "LIVE", "balance": 198.91, "btc": 66950.17, "eth": 2004.12, "btc_mom": -0.008483201990576726, "eth_mom": -0.05037079890083028, "open_positions": [], "daily_trades": 0, "daily_pnl": 0.0, "trades": []}