{"ts": 1772347303.3827932, "mode": "LIVE", "balance": 199.95, "btc": 66928.11, "eth": 1995.4, "btc_mom": 0.005214822288128403, "eth_mom": -0.027054921490624148, "open_positions": [], "daily_trades": 0, "daily_pnl": 0.0, "trades": []}