{"ts": 1772359963.2043822, "mode": "LIVE", "balance": 198.91, "btc": 66410.56, "eth": 1977.21, "btc_mom": 0.00036138961533491593, "eth_mom": 0.0096104237691098, "open_positions": [], "daily_trades": 0, "daily_pnl": 0.0, "trades": []}