{"ts": 1772357263.5673754, "mode": "LIVE", "balance": 198.91, "btc": 66617.89, "eth": 1989.24, "btc_mom": -0.02318659097682495, "eth_mom": -0.0683211092132975, "open_positions": [], "daily_trades": 0, "daily_pnl": 0.0, "trades": []}