{"ts": 1772338501.169369, "mode": "PAPER", "balance": 199.95, "btc": 67278.9, "eth": 2013.04, "btc_mom": -0.1527711324000685, "eth_mom": -0.1275048248421042, "open_positions": [], "daily_trades": 0, "daily_pnl": 0.0, "trades": []}