{"ts": 1772378932.1479452, "mode": "LIVE", "balance": 198.91, "btc": 67186.25, "eth": 2012.32, "btc_mom": -0.02648649895356442, "eth_mom": -0.03924276368404924, "open_positions": [], "daily_trades": 0, "daily_pnl": 0.0, "trades": []}