{"ts": 1772363803.1927974, "mode": "LIVE", "balance": 198.91, "btc": 66618.75, "eth": 1987.84, "btc_mom": -0.06538924376191492, "eth_mom": -0.0683691936456931, "open_positions": [], "daily_trades": 0, "daily_pnl": 0.0, "trades": []}