{"ts": 1772341056.607448, "mode": "PAPER", "balance": 199.95, "btc": 67300.39, "eth": 2014.77, "btc_mom": -0.02017411838880064, "eth_mom": -0.04712956164546889, "open_positions": [], "daily_trades": 0, "daily_pnl": 0.0, "trades": []}