{"ts": 1772353423.3111875, "mode": "LIVE", "balance": 198.91, "btc": 67232.0, "eth": 2007.2, "btc_mom": 0.02097655535208006, "eth_mom": 0.011460061685028585, "open_positions": [], "daily_trades": 0, "daily_pnl": 0.0, "trades": []}