{"ts": 1772379262.2198448, "mode": "LIVE", "balance": 198.91, "btc": 67174.0, "eth": 2013.47, "btc_mom": -0.0007741030378841181, "eth_mom": 0.03527494584550748, "open_positions": [], "daily_trades": 0, "daily_pnl": 0.0, "trades": []}