{"ts": 1772348262.790379, "mode": "LIVE", "balance": 198.91, "btc": 66937.73, "eth": 1998.99, "btc_mom": -0.018580983438880483, "eth_mom": -0.05199922001169801, "open_positions": [], "daily_trades": 0, "daily_pnl": 0.0, "trades": []}