{"ts": 1772360023.2104816, "mode": "LIVE", "balance": 198.91, "btc": 66523.63, "eth": 1983.78, "btc_mom": 0.024824409777493468, "eth_mom": 0.009074410163342593, "open_positions": [], "daily_trades": 0, "daily_pnl": 0.0, "trades": []}