{"ts": 1772366322.9063332, "mode": "LIVE", "balance": 198.91, "btc": 66478.0, "eth": 1984.37, "btc_mom": 0.01403668826230726, "eth_mom": -0.009070066261876177, "open_positions": [], "daily_trades": 0, "daily_pnl": 0.0, "trades": []}