{"ts": 1772364882.8020728, "mode": "LIVE", "balance": 198.91, "btc": 66450.32, "eth": 1983.15, "btc_mom": 0.03418759157525975, "eth_mom": 0.04994551398474437, "open_positions": [], "daily_trades": 0, "daily_pnl": 0.0, "trades": []}