{"ts": 1772374063.3768551, "mode": "LIVE", "balance": 198.91, "btc": 67205.75, "eth": 2020.33, "btc_mom": -0.021169301151229034, "eth_mom": -0.0034646604632827013, "open_positions": [], "daily_trades": 0, "daily_pnl": 0.0, "trades": []}