{"ts": 1772371573.65334, "mode": "LIVE", "balance": 198.91, "btc": 66265.72, "eth": 1974.24, "btc_mom": 0.01832353813937212, "eth_mom": 0.03040068097524924, "open_positions": [], "daily_trades": 0, "daily_pnl": 0.0, "trades": []}