{"ts": 1772373163.2034092, "mode": "LIVE", "balance": 198.91, "btc": 67037.48, "eth": 2009.31, "btc_mom": -0.257563577406478, "eth_mom": -0.17587003502496282, "open_positions": [], "daily_trades": 0, "daily_pnl": 0.0, "trades": []}