{"ts": 1772358192.7994382, "mode": "LIVE", "balance": 198.91, "btc": 66325.37, "eth": 1980.89, "btc_mom": -0.021405022673513924, "eth_mom": -0.02321649380471946, "open_positions": [], "daily_trades": 0, "daily_pnl": 0.0, "trades": []}