{"ts": 1772346805.6525, "mode": "LIVE", "balance": 199.95, "btc": 67002.84, "eth": 1998.0, "btc_mom": -0.09508457338160387, "eth_mom": -0.10948959848814635, "open_positions": [], "daily_trades": 0, "daily_pnl": 0.0, "trades": []}