{"ts": 1772349079.5832062, "mode": "LIVE", "balance": 198.91, "btc": 66935.0, "eth": 1999.8, "btc_mom": 0.024029078771746086, "eth_mom": 0.031012715213231963, "open_positions": [], "daily_trades": 0, "daily_pnl": 0.0, "trades": []}