{"ts": 1772363293.0562696, "mode": "LIVE", "balance": 198.91, "btc": 66518.47, "eth": 1986.57, "btc_mom": 0.026119868693894297, "eth_mom": 0.027189921602390883, "open_positions": [], "daily_trades": 0, "daily_pnl": 0.0, "trades": []}