{"ts": 1772355042.8856304, "mode": "LIVE", "balance": 198.91, "btc": 66924.79, "eth": 1995.08, "btc_mom": -0.012773903110173361, "eth_mom": -0.047093716495829434, "open_positions": [], "daily_trades": 0, "daily_pnl": 0.0, "trades": []}