{"ts": 1772343228.3726752, "mode": "LIVE", "balance": 199.95, "btc": 67490.0, "eth": 2018.53, "btc_mom": -0.03329754735716408, "eth_mom": -0.04654686625699092, "open_positions": [], "daily_trades": 0, "daily_pnl": 0.0, "trades": []}