{"ts": 1772358342.7994423, "mode": "LIVE", "balance": 198.91, "btc": 66296.96, "eth": 1979.46, "btc_mom": -0.04280414652919195, "eth_mom": -0.0454462824940851, "open_positions": [], "daily_trades": 0, "daily_pnl": 0.0, "trades": []}