{"ts": 1772368152.892013, "mode": "LIVE", "balance": 198.91, "btc": 66427.6, "eth": 1980.9, "btc_mom": 0.01442379643356087, "eth_mom": 0.0015144860591659267, "open_positions": [], "daily_trades": 0, "daily_pnl": 0.0, "trades": []}