{"ts": 1772348322.7959054, "mode": "LIVE", "balance": 198.91, "btc": 66948.99, "eth": 1999.37, "btc_mom": 0.026923261384085836, "eth_mom": 0.023012541835290685, "open_positions": [], "daily_trades": 0, "daily_pnl": 0.0, "trades": []}