{"ts": 1772351832.7678592, "mode": "LIVE", "balance": 198.91, "btc": 67123.04, "eth": 2006.29, "btc_mom": 0.007017457079149393, "eth_mom": 0.004984572747342427, "open_positions": [], "daily_trades": 0, "daily_pnl": 0.0, "trades": []}