{"ts": 1772376283.0869343, "mode": "LIVE", "balance": 198.91, "btc": 66805.15, "eth": 1997.38, "btc_mom": -0.008756043166553144, "eth_mom": -0.03503363228698641, "open_positions": [], "daily_trades": 0, "daily_pnl": 0.0, "trades": []}