{"ts": 1772373703.3944116, "mode": "LIVE", "balance": 198.91, "btc": 67060.0, "eth": 2010.0, "btc_mom": 0.06565596275516294, "eth_mom": 0.10358978445356025, "open_positions": [], "daily_trades": 0, "daily_pnl": 0.0, "trades": []}