{"ts": 1772358432.806511, "mode": "LIVE", "balance": 198.91, "btc": 66348.07, "eth": 1981.1, "btc_mom": 0.024226617620465213, "eth_mom": 0.010096420818810545, "open_positions": [], "daily_trades": 0, "daily_pnl": 0.0, "trades": []}