{"ts": 1772365182.955093, "mode": "LIVE", "balance": 198.91, "btc": 66473.01, "eth": 1984.94, "btc_mom": 0.005265572139767542, "eth_mom": 0.004030510968035762, "open_positions": [], "daily_trades": 0, "daily_pnl": 0.0, "trades": []}