{"ts": 1772367403.382682, "mode": "LIVE", "balance": 198.91, "btc": 66528.0, "eth": 1985.91, "btc_mom": 0.005486712760055797, "eth_mom": -0.0020141493995298786, "open_positions": [], "daily_trades": 0, "daily_pnl": 0.0, "trades": []}