{"ts": 1772363953.2426953, "mode": "LIVE", "balance": 198.91, "btc": 66592.16, "eth": 1987.65, "btc_mom": -0.0003303681292081228, "eth_mom": 0.01358572593062131, "open_positions": [], "daily_trades": 0, "daily_pnl": 0.0, "trades": []}