{"ts": 1772353603.593855, "mode": "LIVE", "balance": 198.91, "btc": 67275.01, "eth": 2008.36, "btc_mom": 0.00872614099124107, "eth_mom": -0.007468222712363441, "open_positions": [], "daily_trades": 0, "daily_pnl": 0.0, "trades": []}