{"ts": 1772354562.7917325, "mode": "LIVE", "balance": 198.91, "btc": 67206.0, "eth": 2003.96, "btc_mom": -0.0035114679185752813, "eth_mom": -0.0024949975299501763, "open_positions": [], "daily_trades": 0, "daily_pnl": 0.0, "trades": []}