{"ts": 1772374573.5795386, "mode": "LIVE", "balance": 198.91, "btc": 67012.64, "eth": 2012.09, "btc_mom": -2.984510688588475e-05, "eth_mom": -0.012423347943190517, "open_positions": [], "daily_trades": 0, "daily_pnl": 0.0, "trades": []}