{"ts": 1772357293.5696094, "mode": "LIVE", "balance": 198.91, "btc": 66620.72, "eth": 1989.9, "btc_mom": 0.09814380200555776, "eth_mom": 0.10614803374602585, "open_positions": [], "daily_trades": 0, "daily_pnl": 0.0, "trades": []}