{"ts": 1772343770.195542, "mode": "LIVE", "balance": 199.95, "btc": 67474.52, "eth": 2017.2, "btc_mom": 0.0026677448308040793, "eth_mom": -0.012391880839673845, "open_positions": [], "daily_trades": 0, "daily_pnl": 0.0, "trades": []}