{"ts": 1772375442.975977, "mode": "LIVE", "balance": 198.91, "btc": 66888.39, "eth": 2005.93, "btc_mom": 0.0137711018586149, "eth_mom": -0.0014955432810211924, "open_positions": [], "daily_trades": 0, "daily_pnl": 0.0, "trades": []}