{"ts": 1772366083.0196152, "mode": "LIVE", "balance": 198.91, "btc": 66487.25, "eth": 1984.01, "btc_mom": -0.017068028499856867, "eth_mom": -0.029728912627225546, "open_positions": [], "daily_trades": 0, "daily_pnl": 0.0, "trades": []}