{"ts": 1772355102.890988, "mode": "LIVE", "balance": 198.91, "btc": 66739.36, "eth": 1988.12, "btc_mom": -0.12806595860767214, "eth_mom": -0.1351208804456505, "open_positions": [], "daily_trades": 0, "daily_pnl": 0.0, "trades": []}