{"ts": 1772363833.1962333, "mode": "LIVE", "balance": 198.91, "btc": 66607.51, "eth": 1987.71, "btc_mom": -0.006590414025120764, "eth_mom": -0.0015092517129993216, "open_positions": [], "daily_trades": 0, "daily_pnl": 0.0, "trades": []}