{"ts": 1772352732.9962234, "mode": "LIVE", "balance": 198.91, "btc": 67228.01, "eth": 2008.08, "btc_mom": -0.01194299961746533, "eth_mom": -0.036339922640768324, "open_positions": [], "daily_trades": 0, "daily_pnl": 0.0, "trades": []}