{"ts": 1772367792.7795079, "mode": "LIVE", "balance": 198.91, "btc": 66441.8, "eth": 1983.0, "btc_mom": 0.005493831480871655, "eth_mom": 0.05550229577677526, "open_positions": [], "daily_trades": 0, "daily_pnl": 0.0, "trades": []}