{"ts": 1772364223.3333514, "mode": "LIVE", "balance": 198.91, "btc": 66544.04, "eth": 1986.71, "btc_mom": 1.5027644094836623e-05, "eth_mom": -0.005033193913857341, "open_positions": [], "daily_trades": 0, "daily_pnl": 0.0, "trades": []}