{"ts": 1772371423.5797927, "mode": "LIVE", "balance": 198.91, "btc": 66237.32, "eth": 1973.03, "btc_mom": 0.01398198890320706, "eth_mom": 0.04005597696020584, "open_positions": [], "daily_trades": 0, "daily_pnl": 0.0, "trades": []}