{"ts": 1772352642.9907835, "mode": "LIVE", "balance": 198.91, "btc": 67143.23, "eth": 2006.65, "btc_mom": 0.02107879327408357, "eth_mom": 0.022430465556776268, "open_positions": [], "daily_trades": 0, "daily_pnl": 0.0, "trades": []}