{"ts": 1772356123.0769055, "mode": "LIVE", "balance": 198.91, "btc": 66583.81, "eth": 1987.44, "btc_mom": 0.008546351263752009, "eth_mom": -0.010565240359220003, "open_positions": [], "daily_trades": 0, "daily_pnl": 0.0, "trades": []}