{"ts": 1772355552.9171576, "mode": "LIVE", "balance": 198.91, "btc": 66532.68, "eth": 1986.48, "btc_mom": -0.017011300793470463, "eth_mom": 0.030717015716040193, "open_positions": [], "daily_trades": 0, "daily_pnl": 0.0, "trades": []}