{"ts": 1772345034.913121, "mode": "LIVE", "balance": 199.95, "btc": 67296.65, "eth": 2010.07, "btc_mom": -0.05843827967210084, "eth_mom": -0.0815226846811966, "open_positions": [], "daily_trades": 0, "daily_pnl": 0.0, "trades": []}