{"ts": 1772352432.9628193, "mode": "LIVE", "balance": 198.91, "btc": 67029.69, "eth": 2003.5, "btc_mom": 0.07850443233516906, "eth_mom": 0.06842712511175052, "open_positions": [], "daily_trades": 0, "daily_pnl": 0.0, "trades": []}