{"ts": 1772378053.5711122, "mode": "LIVE", "balance": 198.91, "btc": 67025.01, "eth": 2004.47, "btc_mom": -0.03531761768948441, "eth_mom": -0.031918448364422536, "open_positions": [], "daily_trades": 0, "daily_pnl": 0.0, "trades": []}