{"ts": 1772354772.7745001, "mode": "LIVE", "balance": 198.91, "btc": 67078.03, "eth": 1999.8, "btc_mom": -0.06875316763645259, "eth_mom": -0.08144176913507388, "open_positions": [], "daily_trades": 0, "daily_pnl": 0.0, "trades": []}