{"ts": 1772343108.092149, "mode": "LIVE", "balance": 199.95, "btc": 67515.27, "eth": 2019.92, "btc_mom": 0.007806250925794808, "eth_mom": 0.010892706837650507, "open_positions": [], "daily_trades": 0, "daily_pnl": 0.0, "trades": []}