{"ts": 1772365602.8771715, "mode": "LIVE", "balance": 198.91, "btc": 66489.99, "eth": 1985.53, "btc_mom": 0.014801410646653263, "eth_mom": -0.0030217718662939193, "open_positions": [], "daily_trades": 0, "daily_pnl": 0.0, "trades": []}