{"ts": 1772360293.1465147, "mode": "LIVE", "balance": 198.91, "btc": 66458.84, "eth": 1980.1, "btc_mom": -0.021437246260103147, "eth_mom": -0.017672751142424014, "open_positions": [], "daily_trades": 0, "daily_pnl": 0.0, "trades": []}