{"ts": 1772360773.3005838, "mode": "LIVE", "balance": 198.91, "btc": 66590.18, "eth": 1982.43, "btc_mom": 0.035197752631746355, "eth_mom": 0.04239020180764666, "open_positions": [], "daily_trades": 0, "daily_pnl": 0.0, "trades": []}