{"ts": 1772343138.1022542, "mode": "LIVE", "balance": 199.95, "btc": 67509.49, "eth": 2019.59, "btc_mom": -0.009671778638608786, "eth_mom": -0.015347294420524422, "open_positions": [], "daily_trades": 0, "daily_pnl": 0.0, "trades": []}