{"ts": 1772340579.6445458, "mode": "PAPER", "balance": 199.95, "btc": 67374.29, "eth": 2016.82, "btc_mom": -0.035193917446525745, "eth_mom": 0.03819349718508876, "open_positions": [], "daily_trades": 0, "daily_pnl": 0.0, "trades": []}