{"ts": 1772351652.8409667, "mode": "LIVE", "balance": 198.91, "btc": 67122.91, "eth": 2005.1, "btc_mom": 0.028895652567852502, "eth_mom": 0.002992459003308933, "open_positions": [], "daily_trades": 0, "daily_pnl": 0.0, "trades": []}