{"ts": 1772355402.9079537, "mode": "LIVE", "balance": 198.91, "btc": 66550.22, "eth": 1984.78, "btc_mom": -0.013221348511445796, "eth_mom": -0.011083123425694069, "open_positions": [], "daily_trades": 0, "daily_pnl": 0.0, "trades": []}