{"ts": 1772344523.011935, "mode": "LIVE", "balance": 199.95, "btc": 67315.66, "eth": 2010.79, "btc_mom": -0.03912862119795841, "eth_mom": -0.019391600950690643, "open_positions": [], "daily_trades": 0, "daily_pnl": 0.0, "trades": []}