{"ts": 1772368393.010342, "mode": "LIVE", "balance": 198.91, "btc": 66408.44, "eth": 1980.78, "btc_mom": 0.010737739963269786, "eth_mom": 0.007068422328129931, "open_positions": [], "daily_trades": 0, "daily_pnl": 0.0, "trades": []}