{"ts": 1772355432.9100447, "mode": "LIVE", "balance": 198.91, "btc": 66608.68, "eth": 1986.76, "btc_mom": 0.03557858910842785, "eth_mom": 0.05489331057023162, "open_positions": [], "daily_trades": 0, "daily_pnl": 0.0, "trades": []}