{"ts": 1772373673.3917425, "mode": "LIVE", "balance": 198.91, "btc": 67072.46, "eth": 2010.24, "btc_mom": -0.042056205689698846, "eth_mom": -0.08499217177365423, "open_positions": [], "daily_trades": 0, "daily_pnl": 0.0, "trades": []}