{"ts": 1772348048.5127642, "mode": "LIVE", "balance": 198.39, "btc": 66941.64, "eth": 2000.29, "btc_mom": 0.04778083646205573, "eth_mom": 0.05101862179695498, "open_positions": [], "daily_trades": 0, "daily_pnl": 0.0, "trades": []}