{"ts": 1772351772.7614572, "mode": "LIVE", "balance": 198.91, "btc": 67128.6, "eth": 2005.48, "btc_mom": -0.015922122500830402, "eth_mom": -0.015953734170901204, "open_positions": [], "daily_trades": 0, "daily_pnl": 0.0, "trades": []}