{"ts": 1772368722.935484, "mode": "LIVE", "balance": 198.91, "btc": 66341.66, "eth": 1980.7, "btc_mom": -0.0035270710237497098, "eth_mom": 0.011108418161255216, "open_positions": [], "daily_trades": 0, "daily_pnl": 0.0, "trades": []}