{"ts": 1772370763.4381773, "mode": "LIVE", "balance": 198.91, "btc": 66370.01, "eth": 1980.19, "btc_mom": -0.0060264552345112195, "eth_mom": -0.020700797738051828, "open_positions": [], "daily_trades": 0, "daily_pnl": 0.0, "trades": []}