{"ts": 1772350243.4551232, "mode": "LIVE", "balance": 198.91, "btc": 66979.99, "eth": 1999.53, "btc_mom": -0.0021199912035268498, "eth_mom": -0.002000430092468062, "open_positions": [], "daily_trades": 0, "daily_pnl": 0.0, "trades": []}