{"ts": 1772355943.0538845, "mode": "LIVE", "balance": 198.91, "btc": 66608.02, "eth": 1988.9, "btc_mom": -0.02400035662817457, "eth_mom": -0.04070945012086914, "open_positions": [], "daily_trades": 0, "daily_pnl": 0.0, "trades": []}