{"ts": 1772356063.0651886, "mode": "LIVE", "balance": 198.91, "btc": 66555.43, "eth": 1986.21, "btc_mom": 0.038448906768897256, "eth_mom": 0.0634776694627064, "open_positions": [], "daily_trades": 0, "daily_pnl": 0.0, "trades": []}