{"ts": 1772357742.8758957, "mode": "LIVE", "balance": 198.91, "btc": 66458.84, "eth": 1984.05, "btc_mom": 0.051321231920325644, "eth_mom": 0.11504866861441908, "open_positions": [], "daily_trades": 0, "daily_pnl": 0.0, "trades": []}