{"ts": 1772363233.051009, "mode": "LIVE", "balance": 198.91, "btc": 66495.77, "eth": 1986.31, "btc_mom": -0.03940051092885668, "eth_mom": -0.05484552681896676, "open_positions": [], "daily_trades": 0, "daily_pnl": 0.0, "trades": []}