{"ts": 1772342535.844623, "mode": "LIVE", "balance": 199.95, "btc": 67490.01, "eth": 2020.51, "btc_mom": -0.0795188657065474, "eth_mom": -0.0296866573318577, "open_positions": [], "daily_trades": 0, "daily_pnl": 0.0, "trades": []}