{"ts": 1772348623.05439, "mode": "LIVE", "balance": 198.91, "btc": 66878.68, "eth": 1995.88, "btc_mom": -0.04872123205535124, "eth_mom": -0.07009532964831489, "open_positions": [], "daily_trades": 0, "daily_pnl": 0.0, "trades": []}