{"ts": 1772343559.664406, "mode": "LIVE", "balance": 199.95, "btc": 67526.87, "eth": 2019.2, "btc_mom": 0.0241443673190559, "eth_mom": 0.0029715621502196692, "open_positions": [], "daily_trades": 0, "daily_pnl": 0.0, "trades": []}