{"ts": 1772369683.1480515, "mode": "LIVE", "balance": 198.91, "btc": 66348.82, "eth": 1978.02, "btc_mom": 0.0011002577466969698, "eth_mom": -0.0005055535052547689, "open_positions": [], "daily_trades": 0, "daily_pnl": 0.0, "trades": []}