{"ts": 1772356903.3640316, "mode": "LIVE", "balance": 198.91, "btc": 66723.26, "eth": 1993.76, "btc_mom": 0.05437341610807918, "eth_mom": 0.09991113431771788, "open_positions": [], "daily_trades": 0, "daily_pnl": 0.0, "trades": []}