{"ts": 1772360923.31569, "mode": "LIVE", "balance": 198.91, "btc": 66564.73, "eth": 1983.51, "btc_mom": 0.005468660444111444, "eth_mom": 0.004537616843629596, "open_positions": [], "daily_trades": 0, "daily_pnl": 0.0, "trades": []}