{"ts": 1772362032.8188064, "mode": "LIVE", "balance": 198.91, "btc": 66481.57, "eth": 1982.52, "btc_mom": 0.05619750578795339, "eth_mom": 0.04642712959225236, "open_positions": [], "daily_trades": 0, "daily_pnl": 0.0, "trades": []}