{"ts": 1772348802.8938518, "mode": "LIVE", "balance": 198.91, "btc": 66799.66, "eth": 1993.74, "btc_mom": 0.00851873305330156, "eth_mom": 0.02960138474273979, "open_positions": [], "daily_trades": 0, "daily_pnl": 0.0, "trades": []}