{"ts": 1772344733.725284, "mode": "LIVE", "balance": 199.95, "btc": 67320.88, "eth": 2011.1, "btc_mom": -0.004649158598826934, "eth_mom": -0.02187378824184727, "open_positions": [], "daily_trades": 0, "daily_pnl": 0.0, "trades": []}