{"ts": 1772372593.1185749, "mode": "LIVE", "balance": 198.91, "btc": 66363.99, "eth": 1978.2, "btc_mom": 0.008197888591601726, "eth_mom": -0.004043916937942416, "open_positions": [], "daily_trades": 0, "daily_pnl": 0.0, "trades": []}