{"ts": 1772350992.666498, "mode": "LIVE", "balance": 198.91, "btc": 67117.73, "eth": 2005.93, "btc_mom": -0.004990980478868667, "eth_mom": 0.0014955880153533433, "open_positions": [], "daily_trades": 0, "daily_pnl": 0.0, "trades": []}