{"ts": 1772344492.911817, "mode": "LIVE", "balance": 199.95, "btc": 67305.46, "eth": 2010.46, "btc_mom": -0.0823771042421324, "eth_mom": -0.06312974405113915, "open_positions": [], "daily_trades": 0, "daily_pnl": 0.0, "trades": []}