{"ts": 1772349582.954367, "mode": "LIVE", "balance": 198.91, "btc": 67024.0, "eth": 2003.05, "btc_mom": 0.019817724686436493, "eth_mom": 0.002496255616572867, "open_positions": [], "daily_trades": 0, "daily_pnl": 0.0, "trades": []}