{"ts": 1772376343.1629148, "mode": "LIVE", "balance": 198.91, "btc": 66887.92, "eth": 1999.9, "btc_mom": 0.08476570922562773, "eth_mom": 0.03901716755373365, "open_positions": [], "daily_trades": 0, "daily_pnl": 0.0, "trades": []}