{"ts": 1772371453.5822413, "mode": "LIVE", "balance": 198.91, "btc": 66254.36, "eth": 1972.98, "btc_mom": 0.01609209630501239, "eth_mom": -0.01621649014341136, "open_positions": [], "daily_trades": 0, "daily_pnl": 0.0, "trades": []}