{"ts": 1772371633.6584702, "mode": "LIVE", "balance": 198.91, "btc": 66352.2, "eth": 1977.7, "btc_mom": -0.03880806219415196, "eth_mom": -0.08638937865323688, "open_positions": [], "daily_trades": 0, "daily_pnl": 0.0, "trades": []}