{"ts": 1772381623.3392615, "mode": "LIVE", "balance": 198.43, "btc": 67015.48, "eth": 2001.96, "btc_mom": 0.051462347313068535, "eth_mom": 0.06797960611817092, "open_positions": [], "daily_trades": 0, "daily_pnl": 0.0, "trades": []}