{"ts": 1772377483.4341204, "mode": "LIVE", "balance": 198.91, "btc": 66961.53, "eth": 2005.0, "btc_mom": -0.029650026671588305, "eth_mom": -0.036894113893127176, "open_positions": [], "daily_trades": 0, "daily_pnl": 0.0, "trades": []}