{"ts": 1772349763.1288695, "mode": "LIVE", "balance": 198.91, "btc": 67060.21, "eth": 2004.58, "btc_mom": -0.0194861500734606, "eth_mom": -0.007981084828959458, "open_positions": [], "daily_trades": 0, "daily_pnl": 0.0, "trades": []}