{"ts": 1772361552.8010504, "mode": "LIVE", "balance": 198.91, "btc": 66592.33, "eth": 1987.39, "btc_mom": -0.028328569369708612, "eth_mom": 0.0020127305205520415, "open_positions": [], "daily_trades": 0, "daily_pnl": 0.0, "trades": []}