{"ts": 1772357442.67203, "mode": "LIVE", "balance": 198.91, "btc": 66603.69, "eth": 1990.54, "btc_mom": -0.06816294048592542, "eth_mom": -0.05824170306773519, "open_positions": [], "daily_trades": 0, "daily_pnl": 0.0, "trades": []}