{"ts": 1772359843.187473, "mode": "LIVE", "balance": 198.91, "btc": 66388.97, "eth": 1976.7, "btc_mom": 0.022538942577081608, "eth_mom": -0.0010117770852716525, "open_positions": [], "daily_trades": 0, "daily_pnl": 0.0, "trades": []}