{"ts": 1772371902.9716358, "mode": "LIVE", "balance": 198.91, "btc": 66316.85, "eth": 1977.0, "btc_mom": 0.06753974410646973, "eth_mom": 0.048582012509870064, "open_positions": [], "daily_trades": 0, "daily_pnl": 0.0, "trades": []}