{"ts": 1772353483.3161619, "mode": "LIVE", "balance": 198.91, "btc": 67291.94, "eth": 2008.8, "btc_mom": 0.003670708061753442, "eth_mom": 0.009957184108336428, "open_positions": [], "daily_trades": 0, "daily_pnl": 0.0, "trades": []}