{"ts": 1772362122.8253884, "mode": "LIVE", "balance": 198.91, "btc": 66518.97, "eth": 1984.51, "btc_mom": -0.013573232323230574, "eth_mom": 0.0, "open_positions": [], "daily_trades": 0, "daily_pnl": 0.0, "trades": []}