{"ts": 1772357832.8821688, "mode": "LIVE", "balance": 198.91, "btc": 66478.73, "eth": 1985.8, "btc_mom": 0.004302313004704688, "eth_mom": 0.01057620153204017, "open_positions": [], "daily_trades": 0, "daily_pnl": 0.0, "trades": []}