{"ts": 1772359633.0617511, "mode": "LIVE", "balance": 198.91, "btc": 66332.6, "eth": 1976.49, "btc_mom": 0.06661795027911878, "eth_mom": 0.0789901414227312, "open_positions": [], "daily_trades": 0, "daily_pnl": 0.0, "trades": []}