{"ts": 1772375322.8251503, "mode": "LIVE", "balance": 198.91, "btc": 66942.0, "eth": 2007.78, "btc_mom": -0.0049144607484613145, "eth_mom": -0.010458219413445106, "open_positions": [], "daily_trades": 0, "daily_pnl": 0.0, "trades": []}