{"ts": 1772341416.62945, "mode": "PAPER", "balance": 199.95, "btc": 67381.84, "eth": 2016.73, "btc_mom": 0.03849699306266223, "eth_mom": 0.02727931037903136, "open_positions": [], "daily_trades": 0, "daily_pnl": 0.0, "trades": []}