{"ts": 1772353363.3062153, "mode": "LIVE", "balance": 198.91, "btc": 67174.52, "eth": 2005.56, "btc_mom": 0.01691403442006091, "eth_mom": 0.0044877260691966545, "open_positions": [], "daily_trades": 0, "daily_pnl": 0.0, "trades": []}