{"ts": 1772349162.9642224, "mode": "LIVE", "balance": 198.91, "btc": 67012.91, "eth": 2003.34, "btc_mom": -0.0038498562048889687, "eth_mom": -0.032934131736531036, "open_positions": [], "daily_trades": 0, "daily_pnl": 0.0, "trades": []}