{"ts": 1772377663.4895442, "mode": "LIVE", "balance": 198.91, "btc": 66865.14, "eth": 2000.78, "btc_mom": -0.012486263241242261, "eth_mom": -0.03297625709489577, "open_positions": [], "daily_trades": 0, "daily_pnl": 0.0, "trades": []}