{"ts": 1772360263.1444182, "mode": "LIVE", "balance": 198.91, "btc": 66466.05, "eth": 1980.19, "btc_mom": -0.022186856957196664, "eth_mom": -0.028776833134753144, "open_positions": [], "daily_trades": 0, "daily_pnl": 0.0, "trades": []}