{"ts": 1772375172.8133235, "mode": "LIVE", "balance": 198.91, "btc": 66921.77, "eth": 2008.09, "btc_mom": -0.053063668935274914, "eth_mom": -0.04280843226561772, "open_positions": [], "daily_trades": 0, "daily_pnl": 0.0, "trades": []}