{"ts": 1772350842.655179, "mode": "LIVE", "balance": 198.91, "btc": 67208.6, "eth": 2007.81, "btc_mom": 0.030347586280389693, "eth_mom": 0.010460251046026917, "open_positions": [], "daily_trades": 0, "daily_pnl": 0.0, "trades": []}