{"ts": 1772369503.1332846, "mode": "LIVE", "balance": 198.91, "btc": 66328.2, "eth": 1977.94, "btc_mom": -0.0026986284786235442, "eth_mom": 0.005056020709467724, "open_positions": [], "daily_trades": 0, "daily_pnl": 0.0, "trades": []}