{"ts": 1772358282.805862, "mode": "LIVE", "balance": 198.91, "btc": 66298.55, "eth": 1980.35, "btc_mom": -0.02337362896701378, "eth_mom": -0.0186800759319903, "open_positions": [], "daily_trades": 0, "daily_pnl": 0.0, "trades": []}