{"ts": 1772369173.0302446, "mode": "LIVE", "balance": 198.91, "btc": 66493.62, "eth": 1983.83, "btc_mom": -0.0088120989818275, "eth_mom": -0.011088430231094341, "open_positions": [], "daily_trades": 0, "daily_pnl": 0.0, "trades": []}