{"ts": 1772354622.7962303, "mode": "LIVE", "balance": 198.91, "btc": 67177.78, "eth": 2002.74, "btc_mom": -0.03319936029847233, "eth_mom": -0.03693573182662213, "open_positions": [], "daily_trades": 0, "daily_pnl": 0.0, "trades": []}