{"ts": 1772378902.1454256, "mode": "LIVE", "balance": 198.91, "btc": 67183.04, "eth": 2012.34, "btc_mom": 0.021140755147769547, "eth_mom": 0.08206138191366465, "open_positions": [], "daily_trades": 0, "daily_pnl": 0.0, "trades": []}