{"ts": 1772341386.6275086, "mode": "PAPER", "balance": 199.95, "btc": 67372.99, "eth": 2016.13, "btc_mom": -0.03421565507177004, "eth_mom": -0.016365313470137133, "open_positions": [], "daily_trades": 0, "daily_pnl": 0.0, "trades": []}