{"ts": 1772368933.0141585, "mode": "LIVE", "balance": 198.91, "btc": 66403.15, "eth": 1981.44, "btc_mom": 0.02581869282398418, "eth_mom": 0.018676775681834477, "open_positions": [], "daily_trades": 0, "daily_pnl": 0.0, "trades": []}