{"ts": 1772360233.142063, "mode": "LIVE", "balance": 198.91, "btc": 66499.95, "eth": 1981.7, "btc_mom": 0.019101406660671165, "eth_mom": 0.006055773675557799, "open_positions": [], "daily_trades": 0, "daily_pnl": 0.0, "trades": []}