{"ts": 1772361253.6283126, "mode": "LIVE", "balance": 198.91, "btc": 66549.72, "eth": 1984.24, "btc_mom": 1.502636148942093e-05, "eth_mom": 0.011088597897199992, "open_positions": [], "daily_trades": 0, "daily_pnl": 0.0, "trades": []}