{"ts": 1772360143.1344168, "mode": "LIVE", "balance": 198.91, "btc": 66515.64, "eth": 1982.49, "btc_mom": -0.0042544574461826105, "eth_mom": -0.04235301235799984, "open_positions": [], "daily_trades": 0, "daily_pnl": 0.0, "trades": []}