{"ts": 1772373373.2367582, "mode": "LIVE", "balance": 198.91, "btc": 66936.02, "eth": 2009.79, "btc_mom": -0.008380435313571811, "eth_mom": -0.013432434852690061, "open_positions": [], "daily_trades": 0, "daily_pnl": 0.0, "trades": []}