{"ts": 1772373043.1937642, "mode": "LIVE", "balance": 198.91, "btc": 66413.85, "eth": 1979.23, "btc_mom": 0.023238504771661086, "eth_mom": 0.03740226132050246, "open_positions": [], "daily_trades": 0, "daily_pnl": 0.0, "trades": []}