{"ts": 1772364852.799183, "mode": "LIVE", "balance": 198.91, "btc": 66463.8, "eth": 1984.43, "btc_mom": -0.08178212880083073, "eth_mom": -0.06395729465679517, "open_positions": [], "daily_trades": 0, "daily_pnl": 0.0, "trades": []}