{"ts": 1772367882.785762, "mode": "LIVE", "balance": 198.91, "btc": 66456.02, "eth": 1983.81, "btc_mom": 0.03421477394843832, "eth_mom": 0.06910675732934621, "open_positions": [], "daily_trades": 0, "daily_pnl": 0.0, "trades": []}