{"ts": 1772358552.8157337, "mode": "LIVE", "balance": 198.91, "btc": 66320.25, "eth": 1979.87, "btc_mom": 0.033545501591986306, "eth_mom": 0.03941205301426275, "open_positions": [], "daily_trades": 0, "daily_pnl": 0.0, "trades": []}