{"ts": 1772352462.9663646, "mode": "LIVE", "balance": 198.91, "btc": 67006.96, "eth": 2002.96, "btc_mom": -0.03391034629579209, "eth_mom": -0.04790610403609108, "open_positions": [], "daily_trades": 0, "daily_pnl": 0.0, "trades": []}