{"ts": 1772366653.3752902, "mode": "LIVE", "balance": 198.91, "btc": 66509.95, "eth": 1984.13, "btc_mom": 0.02833461495829519, "eth_mom": 0.04184944284778675, "open_positions": [], "daily_trades": 0, "daily_pnl": 0.0, "trades": []}