{"ts": 1772381324.2505023, "mode": "LIVE", "balance": 198.43, "btc": 66923.12, "eth": 2000.92, "btc_mom": 0.022643042375959363, "eth_mom": 0.015995201439576313, "open_positions": [], "daily_trades": 0, "daily_pnl": 0.0, "trades": []}