{"ts": 1772372533.113068, "mode": "LIVE", "balance": 198.91, "btc": 66383.94, "eth": 1979.38, "btc_mom": 0.005935522747819114, "eth_mom": 0.0010104276129763753, "open_positions": [], "daily_trades": 0, "daily_pnl": 0.0, "trades": []}