{"ts": 1772356303.146598, "mode": "LIVE", "balance": 198.91, "btc": 66608.86, "eth": 1987.06, "btc_mom": -0.005014096516849027, "eth_mom": -0.019623135173216937, "open_positions": [], "daily_trades": 0, "daily_pnl": 0.0, "trades": []}