{"ts": 1772350123.3484242, "mode": "LIVE", "balance": 198.91, "btc": 66998.44, "eth": 2000.2, "btc_mom": 1.4925722900242927e-05, "eth_mom": 0.005999760009605527, "open_positions": [], "daily_trades": 0, "daily_pnl": 0.0, "trades": []}