{"ts": 1772370853.4453657, "mode": "LIVE", "balance": 198.91, "btc": 66365.51, "eth": 1979.86, "btc_mom": -0.001325972378495586, "eth_mom": 0.0025254948707176205, "open_positions": [], "daily_trades": 0, "daily_pnl": 0.0, "trades": []}