{"ts": 1772379082.1606371, "mode": "LIVE", "balance": 198.91, "btc": 67159.59, "eth": 2012.21, "btc_mom": 0.004452280192848784, "eth_mom": 0.014414092011608991, "open_positions": [], "daily_trades": 0, "daily_pnl": 0.0, "trades": []}