{"ts": 1772376643.2386494, "mode": "LIVE", "balance": 198.91, "btc": 66884.85, "eth": 2000.7, "btc_mom": -0.02121106670587168, "eth_mom": -0.04496402877697161, "open_positions": [], "daily_trades": 0, "daily_pnl": 0.0, "trades": []}