{"ts": 1772374933.6279483, "mode": "LIVE", "balance": 198.91, "btc": 66933.13, "eth": 2011.79, "btc_mom": 0.020920774074618124, "eth_mom": 0.011433911988706188, "open_positions": [], "daily_trades": 0, "daily_pnl": 0.0, "trades": []}