{"ts": 1772349552.9520435, "mode": "LIVE", "balance": 198.91, "btc": 67004.42, "eth": 2003.02, "btc_mom": -0.009595461033560336, "eth_mom": 0.001997024433592129, "open_positions": [], "daily_trades": 0, "daily_pnl": 0.0, "trades": []}