{"ts": 1772341266.6194985, "mode": "PAPER", "balance": 199.95, "btc": 67360.0, "eth": 2016.27, "btc_mom": 0.013006442049166074, "eth_mom": 0.0039678800113048494, "open_positions": [], "daily_trades": 0, "daily_pnl": 0.0, "trades": []}