{"ts": 1772349492.9470391, "mode": "LIVE", "balance": 198.91, "btc": 66998.44, "eth": 2003.03, "btc_mom": -0.004238724991517337, "eth_mom": 0.005991282683689774, "open_positions": [], "daily_trades": 0, "daily_pnl": 0.0, "trades": []}