{"ts": 1772373523.2471185, "mode": "LIVE", "balance": 198.91, "btc": 67004.13, "eth": 2008.98, "btc_mom": -0.06097396361040159, "eth_mom": -0.08554234843586947, "open_positions": [], "daily_trades": 0, "daily_pnl": 0.0, "trades": []}