{"ts": 1772376043.067139, "mode": "LIVE", "balance": 198.91, "btc": 66938.81, "eth": 2007.33, "btc_mom": -0.016609427373554156, "eth_mom": -0.001992657058736736, "open_positions": [], "daily_trades": 0, "daily_pnl": 0.0, "trades": []}