{"ts": 1772343800.325786, "mode": "LIVE", "balance": 199.95, "btc": 67448.89, "eth": 2016.91, "btc_mom": -0.03693284846371986, "eth_mom": -0.014376363275826075, "open_positions": [], "daily_trades": 0, "daily_pnl": 0.0, "trades": []}