{"ts": 1772373283.2206867, "mode": "LIVE", "balance": 198.91, "btc": 67118.53, "eth": 2016.11, "btc_mom": 0.1240688496339816, "eth_mom": 0.2670658563513876, "open_positions": [], "daily_trades": 0, "daily_pnl": 0.0, "trades": []}