{"ts": 1772340699.6523242, "mode": "PAPER", "balance": 199.95, "btc": 67339.24, "eth": 2016.9, "btc_mom": 0.010812101712171805, "eth_mom": 0.0798892467089167, "open_positions": [], "daily_trades": 0, "daily_pnl": 0.0, "trades": []}