{"ts": 1772373433.24131, "mode": "LIVE", "balance": 198.91, "btc": 67060.94, "eth": 2012.42, "btc_mom": 0.025446021322151506, "eth_mom": 0.005963325547886411, "open_positions": [], "daily_trades": 0, "daily_pnl": 0.0, "trades": []}