{"ts": 1772378263.7028265, "mode": "LIVE", "balance": 198.91, "btc": 67217.13, "eth": 2012.36, "btc_mom": -0.017745302403444307, "eth_mom": -0.012421681299407239, "open_positions": [], "daily_trades": 0, "daily_pnl": 0.0, "trades": []}