{"ts": 1772377873.5573184, "mode": "LIVE", "balance": 198.91, "btc": 66967.2, "eth": 2003.58, "btc_mom": 0.025436828614473772, "eth_mom": 0.03095418780204751, "open_positions": [], "daily_trades": 0, "daily_pnl": 0.0, "trades": []}