{"ts": 1772349216.7132993, "mode": "LIVE", "balance": 198.91, "btc": 67040.35, "eth": 2004.17, "btc_mom": -0.009485924066968507, "eth_mom": 0.002494860587199464, "open_positions": [], "daily_trades": 0, "daily_pnl": 0.0, "trades": []}