{"ts": 1772373883.411281, "mode": "LIVE", "balance": 198.91, "btc": 66978.56, "eth": 2010.25, "btc_mom": 0.004255274038888529, "eth_mom": -0.0019897626710556, "open_positions": [], "daily_trades": 0, "daily_pnl": 0.0, "trades": []}