{"ts": 1772369563.1378083, "mode": "LIVE", "balance": 198.91, "btc": 66319.69, "eth": 1977.21, "btc_mom": -0.025687126875252365, "eth_mom": -0.03690708514919655, "open_positions": [], "daily_trades": 0, "daily_pnl": 0.0, "trades": []}