{"ts": 1772367852.783182, "mode": "LIVE", "balance": 198.91, "btc": 66448.29, "eth": 1983.06, "btc_mom": 0.009752895052070264, "eth_mom": 0.057519980624842204, "open_positions": [], "daily_trades": 0, "daily_pnl": 0.0, "trades": []}