{"ts": 1772367343.3787682, "mode": "LIVE", "balance": 198.91, "btc": 66515.64, "eth": 1985.55, "btc_mom": 0.012810658467851377, "eth_mom": 0.01914193746630675, "open_positions": [], "daily_trades": 0, "daily_pnl": 0.0, "trades": []}