{"ts": 1772368272.937288, "mode": "LIVE", "balance": 198.91, "btc": 66438.97, "eth": 1982.8, "btc_mom": -0.011046512590385391, "eth_mom": -0.02672273398778684, "open_positions": [], "daily_trades": 0, "daily_pnl": 0.0, "trades": []}