{"ts": 1772342987.7314692, "mode": "LIVE", "balance": 199.95, "btc": 67462.13, "eth": 2020.11, "btc_mom": -0.01166444345634407, "eth_mom": -0.028208325910097774, "open_positions": [], "daily_trades": 0, "daily_pnl": 0.0, "trades": []}