{"ts": 1772368423.0130565, "mode": "LIVE", "balance": 198.91, "btc": 66379.33, "eth": 1979.83, "btc_mom": -0.021252099605022095, "eth_mom": -0.013635674965909896, "open_positions": [], "daily_trades": 0, "daily_pnl": 0.0, "trades": []}