{"ts": 1772366893.1610575, "mode": "LIVE", "balance": 198.91, "btc": 66518.48, "eth": 1986.85, "btc_mom": 0.003262357758568168, "eth_mom": 0.020639938784954716, "open_positions": [], "daily_trades": 0, "daily_pnl": 0.0, "trades": []}