{"ts": 1772356783.2380064, "mode": "LIVE", "balance": 198.91, "btc": 66722.12, "eth": 1992.63, "btc_mom": -0.0147455582003152, "eth_mom": -0.03411411170364049, "open_positions": [], "daily_trades": 0, "daily_pnl": 0.0, "trades": []}