{"ts": 1772365122.9501574, "mode": "LIVE", "balance": 198.91, "btc": 66460.02, "eth": 1984.64, "btc_mom": 0.0, "eth_mom": -0.016121231662095777, "open_positions": [], "daily_trades": 0, "daily_pnl": 0.0, "trades": []}