{"ts": 1772382643.9408412, "mode": "LIVE", "balance": 198.43, "btc": 66984.25, "eth": 2004.69, "btc_mom": -0.050836845805754274, "eth_mom": -0.02792669243236232, "open_positions": [], "daily_trades": 0, "daily_pnl": 0.0, "trades": []}