{"ts": 1772358672.9350288, "mode": "LIVE", "balance": 198.91, "btc": 66320.41, "eth": 1979.43, "btc_mom": -0.016025679681775085, "eth_mom": -0.051503446186471846, "open_positions": [], "daily_trades": 0, "daily_pnl": 0.0, "trades": []}