{"ts": 1772353273.2990239, "mode": "LIVE", "balance": 198.91, "btc": 67146.13, "eth": 2004.7, "btc_mom": -0.004214510544916475, "eth_mom": -0.001995271207237029, "open_positions": [], "daily_trades": 0, "daily_pnl": 0.0, "trades": []}