{"ts": 1772344402.48261, "mode": "LIVE", "balance": 199.95, "btc": 67372.0, "eth": 2012.58, "btc_mom": -0.01034447395085019, "eth_mom": -0.013413816230716736, "open_positions": [], "daily_trades": 0, "daily_pnl": 0.0, "trades": []}