{"ts": 1772370193.4132373, "mode": "LIVE", "balance": 198.91, "btc": 66347.33, "eth": 1979.58, "btc_mom": -0.005425696369276616, "eth_mom": -0.009092011152870231, "open_positions": [], "daily_trades": 0, "daily_pnl": 0.0, "trades": []}