{"ts": 1772370793.440078, "mode": "LIVE", "balance": 198.91, "btc": 66378.39, "eth": 1980.22, "btc_mom": 0.007713948702535438, "eth_mom": 0.001515006135773472, "open_positions": [], "daily_trades": 0, "daily_pnl": 0.0, "trades": []}