{"ts": 1772371393.5777397, "mode": "LIVE", "balance": 198.91, "btc": 66220.32, "eth": 1971.93, "btc_mom": -0.014298701535950233, "eth_mom": 0.0197814906114053, "open_positions": [], "daily_trades": 0, "daily_pnl": 0.0, "trades": []}