{"ts": 1772350093.34553, "mode": "LIVE", "balance": 198.91, "btc": 67000.0, "eth": 1999.89, "btc_mom": 0.023557787192265336, "eth_mom": 0.03651533644130626, "open_positions": [], "daily_trades": 0, "daily_pnl": 0.0, "trades": []}