{"ts": 1772352672.9923496, "mode": "LIVE", "balance": 198.91, "btc": 67171.67, "eth": 2007.64, "btc_mom": 0.025359379485913162, "eth_mom": 0.03786972813521441, "open_positions": [], "daily_trades": 0, "daily_pnl": 0.0, "trades": []}