{"ts": 1772370883.447484, "mode": "LIVE", "balance": 198.91, "btc": 66362.28, "eth": 1979.72, "btc_mom": 0.008544740305446968, "eth_mom": -0.0015153428463176015, "open_positions": [], "daily_trades": 0, "daily_pnl": 0.0, "trades": []}