{"ts": 1772359333.0927951, "mode": "LIVE", "balance": 198.91, "btc": 66434.01, "eth": 1981.27, "btc_mom": -0.020000812674116405, "eth_mom": -0.017662316690380046, "open_positions": [], "daily_trades": 0, "daily_pnl": 0.0, "trades": []}