{"ts": 1772347054.824142, "mode": "LIVE", "balance": 199.95, "btc": 66864.99, "eth": 1994.87, "btc_mom": -0.09332493618088222, "eth_mom": -0.07163252016230344, "open_positions": [], "daily_trades": 0, "daily_pnl": 0.0, "trades": []}