{"ts": 1772381563.3355675, "mode": "LIVE", "balance": 198.43, "btc": 66950.17, "eth": 2000.52, "btc_mom": -0.025430359937400452, "eth_mom": -0.03597769382982687, "open_positions": [], "daily_trades": 0, "daily_pnl": 0.0, "trades": []}