{"ts": 1772348851.433917, "mode": "LIVE", "balance": 198.91, "btc": 66797.99, "eth": 1994.16, "btc_mom": -0.002485042960537878, "eth_mom": 0.028089887640458108, "open_positions": [], "daily_trades": 0, "daily_pnl": 0.0, "trades": []}