{"ts": 1772353093.1052063, "mode": "LIVE", "balance": 198.91, "btc": 67248.36, "eth": 2007.31, "btc_mom": 0.016880584071192074, "eth_mom": 0.00548027102430749, "open_positions": [], "daily_trades": 0, "daily_pnl": 0.0, "trades": []}