{"ts": 1772361462.7946446, "mode": "LIVE", "balance": 198.91, "btc": 66686.05, "eth": 1992.0, "btc_mom": -0.0014095702924998238, "eth_mom": 0.015062509414066099, "open_positions": [], "daily_trades": 0, "daily_pnl": 0.0, "trades": []}