{"ts": 1772338315.656505, "mode": "PAPER", "balance": 199.95, "btc": 67363.97, "eth": 2019.56, "btc_mom": -0.040361370784921954, "eth_mom": -0.0559214921635733, "open_positions": [], "daily_trades": 0, "daily_pnl": 0.0, "trades": []}