{"ts": 1772363533.274373, "mode": "LIVE", "balance": 198.91, "btc": 66503.21, "eth": 1985.32, "btc_mom": -0.009397159441679423, "eth_mom": -0.0528602425529964, "open_positions": [], "daily_trades": 0, "daily_pnl": 0.0, "trades": []}