{"ts": 1772365692.8854613, "mode": "LIVE", "balance": 198.91, "btc": 66478.72, "eth": 1985.6, "btc_mom": -1.5042405284759968e-05, "eth_mom": 0.018637638963741775, "open_positions": [], "daily_trades": 0, "daily_pnl": 0.0, "trades": []}