{"ts": 1772366833.1554213, "mode": "LIVE", "balance": 198.91, "btc": 66521.32, "eth": 1985.93, "btc_mom": 0.04590108706769068, "eth_mom": 0.058949192849516954, "open_positions": [], "daily_trades": 0, "daily_pnl": 0.0, "trades": []}