{"ts": 1772357532.6787028, "mode": "LIVE", "balance": 198.91, "btc": 66554.32, "eth": 1988.29, "btc_mom": -0.0025392147155272327, "eth_mom": -0.004526297790168153, "open_positions": [], "daily_trades": 0, "daily_pnl": 0.0, "trades": []}