{"ts": 1772363623.281189, "mode": "LIVE", "balance": 198.91, "btc": 66531.41, "eth": 1986.11, "btc_mom": 0.02912254683514428, "eth_mom": 0.04483130333161427, "open_positions": [], "daily_trades": 0, "daily_pnl": 0.0, "trades": []}