{"ts": 1772351382.744995, "mode": "LIVE", "balance": 198.91, "btc": 67092.22, "eth": 2004.5, "btc_mom": -0.0034279997829970467, "eth_mom": -0.003492020732622774, "open_positions": [], "daily_trades": 0, "daily_pnl": 0.0, "trades": []}