{"ts": 1772364822.796742, "mode": "LIVE", "balance": 198.91, "btc": 66530.36, "eth": 1986.93, "btc_mom": -0.021534400415723246, "eth_mom": -0.02314593512093934, "open_positions": [], "daily_trades": 0, "daily_pnl": 0.0, "trades": []}