{"ts": 1772340389.5619988, "mode": "PAPER", "balance": 199.95, "btc": 67399.99, "eth": 2016.27, "btc_mom": 0.004555104298545075, "eth_mom": 0.05508247484070247, "open_positions": [], "daily_trades": 0, "daily_pnl": 0.0, "trades": []}