{"ts": 1772340489.6398776, "mode": "PAPER", "balance": 199.95, "btc": 67410.78, "eth": 2015.92, "btc_mom": 0.01765607974493668, "eth_mom": -0.03867704666038443, "open_positions": [], "daily_trades": 0, "daily_pnl": 0.0, "trades": []}