{"ts": 1772340755.5021174, "mode": "PAPER", "balance": 199.95, "btc": 67342.74, "eth": 2016.29, "btc_mom": -0.07487402289844058, "eth_mom": -0.09513380669009038, "open_positions": [], "daily_trades": 0, "daily_pnl": 0.0, "trades": []}