{"ts": 1772365272.8108146, "mode": "LIVE", "balance": 198.91, "btc": 66511.2, "eth": 1987.14, "btc_mom": -0.022307054500758663, "eth_mom": -0.005032104828803217, "open_positions": [], "daily_trades": 0, "daily_pnl": 0.0, "trades": []}