{"ts": 1772347433.8200665, "mode": "LIVE", "balance": 199.95, "btc": 66835.37, "eth": 1990.88, "btc_mom": -0.04222028128908775, "eth_mom": -0.025610252135442622, "open_positions": [], "daily_trades": 0, "daily_pnl": 0.0, "trades": []}