{"ts": 1772340359.560234, "mode": "PAPER", "balance": 199.95, "btc": 67386.36, "eth": 2014.84, "btc_mom": -0.008368945868945005, "eth_mom": -0.011910197113762684, "open_positions": [], "daily_trades": 0, "daily_pnl": 0.0, "trades": []}