{"ts": 1772363383.063421, "mode": "LIVE", "balance": 198.91, "btc": 66516.0, "eth": 1986.81, "btc_mom": 0.034695417994073934, "eth_mom": 0.01761928254281028, "open_positions": [], "daily_trades": 0, "daily_pnl": 0.0, "trades": []}