{"ts": 1772350423.4680076, "mode": "LIVE", "balance": 198.91, "btc": 66960.0, "eth": 1999.8, "btc_mom": 0.010455095365405584, "eth_mom": 0.026509676031750223, "open_positions": [], "daily_trades": 0, "daily_pnl": 0.0, "trades": []}