{"ts": 1772355643.1388876, "mode": "LIVE", "balance": 198.91, "btc": 66546.89, "eth": 1985.42, "btc_mom": -0.009165628771909151, "eth_mom": -0.03423795377875416, "open_positions": [], "daily_trades": 0, "daily_pnl": 0.0, "trades": []}