{"ts": 1772362603.0309122, "mode": "LIVE", "balance": 198.91, "btc": 66487.25, "eth": 1984.69, "btc_mom": -0.027681854446679414, "eth_mom": -0.0221647952527066, "open_positions": [], "daily_trades": 0, "daily_pnl": 0.0, "trades": []}