{"ts": 1772372443.1064932, "mode": "LIVE", "balance": 198.91, "btc": 66353.87, "eth": 1978.12, "btc_mom": 0.005847777821805405, "eth_mom": -0.015163615410286081, "open_positions": [], "daily_trades": 0, "daily_pnl": 0.0, "trades": []}