{"ts": 1772379172.21315, "mode": "LIVE", "balance": 198.91, "btc": 67114.01, "eth": 2010.72, "btc_mom": -0.009773456929838682, "eth_mom": -0.023866348448688256, "open_positions": [], "daily_trades": 0, "daily_pnl": 0.0, "trades": []}