{"ts": 1772366683.3790865, "mode": "LIVE", "balance": 198.91, "btc": 66512.16, "eth": 1984.6, "btc_mom": -0.006178939378291328, "eth_mom": -0.012595410232511275, "open_positions": [], "daily_trades": 0, "daily_pnl": 0.0, "trades": []}