{"ts": 1772352372.9582465, "mode": "LIVE", "balance": 198.91, "btc": 66950.16, "eth": 2000.6, "btc_mom": 0.03533726769856778, "eth_mom": 0.04450645343574181, "open_positions": [], "daily_trades": 0, "daily_pnl": 0.0, "trades": []}