{"ts": 1772374603.5823605, "mode": "LIVE", "balance": 198.91, "btc": 66997.5, "eth": 2012.66, "btc_mom": 0.002836007140758765, "eth_mom": 0.04423964966174563, "open_positions": [], "daily_trades": 0, "daily_pnl": 0.0, "trades": []}