{"ts": 1772361582.803308, "mode": "LIVE", "balance": 198.91, "btc": 66484.41, "eth": 1984.06, "btc_mom": -0.10435157329717176, "eth_mom": -0.16002093355609104, "open_positions": [], "daily_trades": 0, "daily_pnl": 0.0, "trades": []}