{"ts": 1772360383.1530151, "mode": "LIVE", "balance": 198.91, "btc": 66467.36, "eth": 1979.73, "btc_mom": 0.029918365602434674, "eth_mom": 0.021724852220485206, "open_positions": [], "daily_trades": 0, "daily_pnl": 0.0, "trades": []}