{"ts": 1772360593.3058937, "mode": "LIVE", "balance": 198.91, "btc": 66509.06, "eth": 1980.5, "btc_mom": -0.0056079439758818204, "eth_mom": -0.005048975058058621, "open_positions": [], "daily_trades": 0, "daily_pnl": 0.0, "trades": []}