{"ts": 1772344944.489953, "mode": "LIVE", "balance": 199.95, "btc": 67314.01, "eth": 2010.29, "btc_mom": 0.026762363290529542, "eth_mom": 0.06470913244963661, "open_positions": [], "daily_trades": 0, "daily_pnl": 0.0, "trades": []}