{"ts": 1772364342.865743, "mode": "LIVE", "balance": 198.91, "btc": 66577.33, "eth": 1988.56, "btc_mom": 0.0019075926091211685, "eth_mom": -0.0025143190469702217, "open_positions": [], "daily_trades": 0, "daily_pnl": 0.0, "trades": []}