{"ts": 1772343378.98654, "mode": "LIVE", "balance": 199.95, "btc": 67540.89, "eth": 2019.88, "btc_mom": -0.026835794835396744, "eth_mom": -0.04552652414884429, "open_positions": [], "daily_trades": 0, "daily_pnl": 0.0, "trades": []}