{"ts": 1772369263.037649, "mode": "LIVE", "balance": 198.91, "btc": 66376.72, "eth": 1978.3, "btc_mom": 0.017494132082355597, "eth_mom": 0.04399650050822992, "open_positions": [], "daily_trades": 0, "daily_pnl": 0.0, "trades": []}