{"ts": 1772380483.9522243, "mode": "LIVE", "balance": 198.91, "btc": 67102.0, "eth": 2005.49, "btc_mom": 0.001952289909384943, "eth_mom": -0.0034902969744079627, "open_positions": [], "daily_trades": 0, "daily_pnl": 0.0, "trades": []}