{"ts": 1772354232.747182, "mode": "LIVE", "balance": 198.91, "btc": 67151.82, "eth": 2002.53, "btc_mom": -0.02535401454691994, "eth_mom": -0.048415273271775756, "open_positions": [], "daily_trades": 0, "daily_pnl": 0.0, "trades": []}