{"ts": 1772378353.7089975, "mode": "LIVE", "balance": 198.91, "btc": 67126.25, "eth": 2009.88, "btc_mom": -0.02536367005007625, "eth_mom": -0.013431833445264375, "open_positions": [], "daily_trades": 0, "daily_pnl": 0.0, "trades": []}