{"ts": 1772361133.61791, "mode": "LIVE", "balance": 198.91, "btc": 66559.31, "eth": 1984.5, "btc_mom": -0.011071605193462172, "eth_mom": -0.014107356986667173, "open_positions": [], "daily_trades": 0, "daily_pnl": 0.0, "trades": []}