{"ts": 1772373643.3890452, "mode": "LIVE", "balance": 198.91, "btc": 67044.04, "eth": 2009.89, "btc_mom": -0.021071257983933438, "eth_mom": -0.03829588294390806, "open_positions": [], "daily_trades": 0, "daily_pnl": 0.0, "trades": []}