{"ts": 1772379202.2157962, "mode": "LIVE", "balance": 198.91, "btc": 67120.57, "eth": 2010.35, "btc_mom": -0.014047370773116364, "eth_mom": -0.028345235016816368, "open_positions": [], "daily_trades": 0, "daily_pnl": 0.0, "trades": []}