{"ts": 1772357472.6737077, "mode": "LIVE", "balance": 198.91, "btc": 66620.0, "eth": 1991.06, "btc_mom": 0.03458115286626229, "eth_mom": 0.03818519821132447, "open_positions": [], "daily_trades": 0, "daily_pnl": 0.0, "trades": []}