{"ts": 1772357592.683492, "mode": "LIVE", "balance": 198.91, "btc": 66569.6, "eth": 1988.06, "btc_mom": 0.002719032733416903, "eth_mom": -0.027154782258873765, "open_positions": [], "daily_trades": 0, "daily_pnl": 0.0, "trades": []}