{"ts": 1772341176.6139474, "mode": "PAPER", "balance": 199.95, "btc": 67361.89, "eth": 2015.84, "btc_mom": 0.07584216747258378, "eth_mom": 0.03374421882132616, "open_positions": [], "daily_trades": 0, "daily_pnl": 0.0, "trades": []}