{"ts": 1772349853.137621, "mode": "LIVE", "balance": 198.91, "btc": 67022.03, "eth": 2001.34, "btc_mom": -0.04893009960205359, "eth_mom": -0.08287568647029865, "open_positions": [], "daily_trades": 0, "daily_pnl": 0.0, "trades": []}