{"ts": 1772348018.5101378, "mode": "LIVE", "balance": 198.39, "btc": 66921.65, "eth": 1999.89, "btc_mom": -0.03410288645158159, "eth_mom": -0.028493446507300135, "open_positions": [], "daily_trades": 0, "daily_pnl": 0.0, "trades": []}