{"ts": 1772354832.7783496, "mode": "LIVE", "balance": 198.91, "btc": 67046.72, "eth": 1998.39, "btc_mom": -0.0406714971523971, "eth_mom": -0.08399706010288821, "open_positions": [], "daily_trades": 0, "daily_pnl": 0.0, "trades": []}