{"ts": 1772352073.0612817, "mode": "LIVE", "balance": 198.91, "btc": 67136.85, "eth": 2006.7, "btc_mom": -0.019627690412041536, "eth_mom": -0.03686287012314236, "open_positions": [], "daily_trades": 0, "daily_pnl": 0.0, "trades": []}