{"ts": 1772380303.937528, "mode": "LIVE", "balance": 198.91, "btc": 67253.05, "eth": 2011.76, "btc_mom": 0.025611344427519025, "eth_mom": 0.012925677355207103, "open_positions": [], "daily_trades": 0, "daily_pnl": 0.0, "trades": []}