{"ts": 1772382673.9436185, "mode": "LIVE", "balance": 198.43, "btc": 66986.0, "eth": 2004.31, "btc_mom": -0.01747820932985083, "eth_mom": -0.01995301065990048, "open_positions": [], "daily_trades": 0, "daily_pnl": 0.0, "trades": []}