{"ts": 1772368963.0161166, "mode": "LIVE", "balance": 198.91, "btc": 66448.01, "eth": 1982.52, "btc_mom": 0.04217103282143144, "eth_mom": 0.041378614321034284, "open_positions": [], "daily_trades": 0, "daily_pnl": 0.0, "trades": []}